Age,Gender,OwnHome,Married,Location,Salary,Children,History,Catalogs,AmountSpent,Gender_b,Married_b,Location_b,Ownhome_b,Age_y,Age_m,Hist_m,Hist_h
Old,Female,Own,Single,Far,47500,0,High,6,755,1,0,0,1,0,0,0,1
Middle,Male,Rent,Single,Close,63600,0,High,6,1318,0,0,1,0,0,1,0,1
Young,Female,Rent,Single,Close,13500,0,Low,18,296,1,0,1,0,1,0,0,0
Middle,Male,Own,Married,Close,85600,1,High,18,2436,0,1,1,1,0,1,0,1
Middle,Female,Own,Single,Close,68400,0,High,12,1304,1,0,1,1,0,1,0,1
Young,Male,Own,Married,Close,30400,0,Low,6,495,0,1,1,1,1,0,0,0
Middle,Female,Rent,Single,Close,48100,0,Medium,12,782,1,0,1,0,0,1,1,0
Middle,Male,Own,Single,Close,68400,0,High,18,1155,0,0,1,1,0,1,0,1
Middle,Female,Own,Married,Close,51900,3,Low,6,158,1,1,1,1,0,1,0,0
Old,Male,Own,Married,Far,80700,0,NA,18,3034,0,1,0,1,0,0,0,0
Young,Male,Rent,Married,Close,43700,1,NA,12,927,0,1,1,0,1,0,0,0
Middle,Male,Own,Married,Far,111800,3,High,18,2065,0,1,0,1,0,1,0,1
Middle,Female,Own,Married,Close,44100,1,Medium,24,704,1,1,1,1,0,1,1,0
Middle,Male,Own,Married,Close,111400,0,High,12,2136,0,1,1,1,0,1,0,1
Old,Female,Own,Married,Far,110000,0,High,24,5564,1,1,0,1,0,0,0,1
Middle,Female,Own,Married,Far,83100,1,NA,12,2766,1,1,0,1,0,1,0,0
Old,Female,Own,Married,Close,82800,0,High,24,3010,1,1,1,1,0,0,0,1
Middle,Male,Own,Married,Close,90100,0,High,18,1956,0,1,1,1,0,1,0,1
Middle,Male,Rent,Single,Close,38600,1,Low,18,542,0,0,1,0,0,1,0,0
Old,Female,Rent,Single,Far,14000,0,Low,12,410,1,0,0,0,0,0,0,0
Young,Female,Rent,Single,Far,14300,2,Low,6,194,1,0,0,0,1,0,0,0
Young,Male,Rent,Married,Close,49800,0,Medium,12,827,0,1,1,0,1,0,1,0
Old,Female,Rent,Married,Far,60200,0,High,18,2328,1,1,0,0,0,0,0,1
Young,Male,Rent,Married,Far,43500,1,Medium,12,808,0,1,0,0,1,0,1,0
Young,Female,Rent,Married,Close,41700,1,NA,6,521,1,1,1,0,1,0,0,0
Middle,Female,Own,Married,Close,92300,3,Low,18,655,1,1,1,1,0,1,0,0
Middle,Male,Own,Single,Close,62800,3,NA,6,707,0,0,1,1,0,1,0,0
Middle,Female,Rent,Married,Far,72900,0,High,18,2075,1,1,0,0,0,1,0,1
Middle,Female,Rent,Married,Close,66900,2,Medium,12,769,1,1,1,0,0,1,1,0
Young,Male,Rent,Single,Close,21700,1,NA,18,774,0,0,1,0,1,0,0,0
Old,Female,Rent,Married,Close,39700,0,Medium,12,573,1,1,1,0,0,0,1,0
Middle,Male,Rent,Married,Far,72200,1,High,12,2082,0,1,0,0,0,1,0,1
Middle,Female,Rent,Married,Close,87700,3,NA,24,2446,1,1,1,0,0,1,0,0
Middle,Male,Own,Married,Close,104100,0,High,24,2636,0,1,1,1,0,1,0,1
Middle,Male,Rent,Single,Far,67700,0,High,12,2226,0,0,0,0,0,1,0,1
Middle,Female,Own,Single,Close,27000,2,Low,6,183,1,0,1,1,0,1,0,0
Middle,Female,Own,Single,Far,64100,2,High,24,1595,1,0,0,1,0,1,0,1
Middle,Male,Rent,Single,Close,47000,1,Medium,12,584,0,0,1,0,0,1,1,0
Old,Female,Own,Married,Close,41600,0,NA,18,982,1,1,1,1,0,0,0,0
Old,Female,Rent,Single,Close,20100,0,Low,24,576,1,0,1,0,0,0,0,0
Middle,Male,Own,Single,Close,64000,3,Low,12,410,0,0,1,1,0,1,0,0
Middle,Female,Own,Married,Far,96800,3,NA,24,3082,1,1,0,1,0,1,0,0
Middle,Male,Rent,Married,Close,76200,1,NA,24,2437,0,1,1,0,0,1,0,0
Old,Female,Rent,Married,Far,81500,0,High,18,3655,1,1,0,0,0,0,0,1
Middle,Female,Own,Single,Close,49600,1,Medium,12,844,1,0,1,1,0,1,1,0
Old,Female,Own,Married,Close,111500,0,High,18,2510,1,1,1,1,0,0,0,1
Middle,Male,Own,Married,Close,77700,0,NA,6,983,0,1,1,1,0,1,0,0
Young,Male,Own,Married,Close,58900,0,NA,18,1215,0,1,1,1,1,0,0,0
Middle,Male,Own,Married,Close,126500,2,High,18,2000,0,1,1,1,0,1,0,1
Middle,Female,Own,Married,Close,83300,1,High,24,2574,1,1,1,1,0,1,0,1
Middle,Female,Own,Married,Close,90500,1,High,6,1116,1,1,1,1,0,1,0,1
Middle,Female,Own,Married,Far,87200,0,High,18,3604,1,1,0,1,0,1,0,1
Middle,Female,Own,Married,Close,105300,1,NA,24,3360,1,1,1,1,0,1,0,0
Middle,Female,Own,Single,Far,56000,3,Medium,6,530,1,0,0,1,0,1,1,0
Middle,Female,Rent,Single,Close,46600,0,Medium,24,906,1,0,1,0,0,1,1,0
Old,Male,Rent,Married,Close,69800,0,High,24,2764,0,1,1,0,0,0,0,1
Middle,Male,Own,Single,Close,60300,0,High,24,1263,0,0,1,1,0,1,0,1
Young,Male,Rent,Married,Close,67800,0,High,12,1084,0,1,1,0,1,0,0,1
Middle,Male,Rent,Single,Close,42300,0,Medium,24,1051,0,0,1,0,0,1,1,0
Young,Female,Own,Married,Far,33700,0,NA,6,614,1,1,0,1,1,0,0,0
Middle,Male,Own,Single,Close,62700,2,Medium,12,704,0,0,1,1,0,1,1,0
Young,Female,Own,Single,Close,25900,2,NA,12,449,1,0,1,1,1,0,0,0
Young,Female,Own,Single,Close,15600,1,Low,6,136,1,0,1,1,1,0,0,0
Old,Female,Own,Single,Close,14600,0,Low,24,468,1,0,1,1,0,0,0,0
Old,Female,Own,Married,Close,62600,0,High,6,565,1,1,1,1,0,0,0,1
Young,Male,Rent,Married,Close,66700,0,NA,18,1310,0,1,1,0,1,0,0,0
Middle,Male,Own,Married,Far,72500,0,NA,24,2595,0,1,0,1,0,1,0,0
Young,Female,Rent,Single,Far,13200,0,NA,24,358,1,0,0,0,1,0,0,0
Middle,Female,Own,Single,Close,51300,0,Medium,24,1424,1,0,1,1,0,1,1,0
Middle,Male,Own,Single,Far,72300,0,High,24,4182,0,0,0,1,0,1,0,1
Young,Female,Rent,Single,Close,15600,0,NA,12,468,1,0,1,0,1,0,0,0
Middle,Female,Own,Married,Far,90400,1,High,18,2924,1,1,0,1,0,1,0,1
Middle,Male,Own,Single,Far,71500,0,NA,6,964,0,0,0,1,0,1,0,0
Young,Male,Rent,Single,Close,14400,0,NA,24,615,0,0,1,0,1,0,0,0
Young,Male,Rent,Single,Close,15000,3,Low,6,38,0,0,1,0,1,0,0,0
Middle,Male,Own,Single,Close,57600,1,NA,6,1006,0,0,1,1,0,1,0,0
Young,Female,Rent,Married,Close,60600,3,Low,12,307,1,1,1,0,1,0,0,0
Middle,Male,Own,Married,Far,84300,2,High,18,1648,0,1,0,1,0,1,0,1
Young,Female,Own,Single,Close,24400,1,Low,6,220,1,0,1,1,1,0,0,0
Young,Female,Rent,Single,Close,22100,2,Low,18,280,1,0,1,0,1,0,0,0
Middle,Male,Rent,Married,Far,48800,2,NA,12,1647,0,1,0,0,0,1,0,0
Middle,Female,Own,Married,Close,74700,1,Medium,6,704,1,1,1,1,0,1,1,0
Young,Female,Rent,Single,Far,32400,1,Medium,24,920,1,0,0,0,1,0,1,0
Old,Female,Own,Single,Close,11400,0,NA,6,258,1,0,1,1,0,0,0,0
Middle,Male,Own,Married,Close,127000,0,NA,12,1821,0,1,1,1,0,1,0,0
Middle,Male,Rent,Single,Close,47200,0,Medium,18,1587,0,0,1,0,0,1,1,0
Middle,Female,Own,Single,Close,48700,2,Low,12,528,1,0,1,1,0,1,0,0
Young,Male,Rent,Single,Far,20400,0,Medium,18,867,0,0,0,0,1,0,1,0
Middle,Male,Rent,Single,Close,39000,0,NA,6,643,0,0,1,0,0,1,0,0
Young,Female,Rent,Single,Close,12900,1,Low,6,107,1,0,1,0,1,0,0,0
Middle,Female,Rent,Married,Far,67300,1,High,18,1513,1,1,0,0,0,1,0,1
Old,Male,Own,Married,Close,134500,0,High,24,4558,0,1,1,1,0,0,0,1
Old,Male,Own,Married,Close,75500,0,High,6,741,0,1,1,1,0,0,0,1
Old,Female,Own,Married,Far,33600,2,Medium,12,805,1,1,0,1,0,0,1,0
Young,Female,Rent,Single,Close,16300,1,NA,12,470,1,0,1,0,1,0,0,0
Young,Male,Rent,Married,Close,27400,1,Low,6,278,0,1,1,0,1,0,0,0
Middle,Female,Own,Married,Close,110400,3,Low,24,1093,1,1,1,1,0,1,0,0
Young,Female,Rent,Single,Far,21100,1,Low,6,470,1,0,0,0,1,0,0,0
Middle,Male,Own,Married,Close,81200,0,High,24,1856,0,1,1,1,0,1,0,1
Middle,Male,Rent,Married,Far,87100,2,High,18,1688,0,1,0,0,0,1,0,1
Young,Female,Rent,Single,Far,21700,3,NA,24,708,1,0,0,0,1,0,0,0
Middle,Female,Rent,Single,Close,42200,0,NA,18,1753,1,0,1,0,0,1,0,0
Middle,Male,Rent,Single,Far,59000,0,High,24,3044,0,0,0,0,0,1,0,1
Middle,Female,Own,Single,Close,52700,2,Low,18,855,1,0,1,1,0,1,0,0
Young,Male,Own,Single,Close,20900,0,Low,24,550,0,0,1,1,1,0,0,0
Middle,Male,Own,Married,Far,90700,3,High,24,2265,0,1,0,1,0,1,0,1
Old,Female,Own,Married,Far,91800,0,NA,24,2452,1,1,0,1,0,0,0,0
Young,Female,Own,Single,Far,27900,0,Medium,18,1184,1,0,0,1,1,0,1,0
Old,Female,Own,Married,Close,70700,0,High,24,2150,1,1,1,1,0,0,0,1
Middle,Male,Own,Married,Close,79600,2,NA,6,1575,0,1,1,1,0,1,0,0
Middle,Male,Rent,Married,Close,96400,1,High,24,1822,0,1,1,0,0,1,0,1
Middle,Female,Own,Single,Close,46600,2,NA,18,1153,1,0,1,1,0,1,0,0
Old,Male,Own,Married,Close,106600,0,High,12,1877,0,1,1,1,0,0,0,1
Middle,Female,Rent,Married,Close,104900,3,Low,6,450,1,1,1,0,0,1,0,0
Old,Male,Rent,Single,Close,56300,0,Medium,6,873,0,0,1,0,0,0,1,0
Young,Female,Rent,Single,Close,14800,1,Low,6,209,1,0,1,0,1,0,0,0
Old,Male,Own,Married,Close,58300,0,Medium,24,1472,0,1,1,1,0,0,1,0
Middle,Male,Own,Single,Far,70200,0,High,12,1702,0,0,0,1,0,1,0,1
Old,Male,Own,Married,Far,59700,0,High,18,1857,0,1,0,1,0,0,0,1
Young,Male,Rent,Single,Close,25800,0,NA,6,451,0,0,1,0,1,0,0,0
Young,Female,Rent,Single,Close,12000,0,Low,24,344,1,0,1,0,1,0,0,0
Middle,Male,Rent,Single,Far,51900,0,High,18,1492,0,0,0,0,0,1,0,1
Middle,Female,Own,Single,Far,66800,3,NA,24,2098,1,0,0,1,0,1,0,0
Middle,Male,Own,Married,Close,105300,1,NA,18,3505,0,1,1,1,0,1,0,0
Young,Female,Rent,Single,Far,13800,3,Low,6,127,1,0,0,0,1,0,0,0
Young,Male,Rent,Single,Close,14800,3,NA,12,436,0,0,1,0,1,0,0,0
Middle,Female,Own,Married,Far,44200,0,High,24,2524,1,1,0,1,0,1,0,1
Young,Male,Rent,Single,Close,10400,0,NA,18,189,0,0,1,0,1,0,0,0
Middle,Female,Own,Single,Close,35200,0,Medium,12,607,1,0,1,1,0,1,1,0
Young,Female,Rent,Single,Far,16100,0,NA,6,202,1,0,0,0,1,0,0,0
Middle,Male,Own,Married,Close,113000,2,Medium,18,1554,0,1,1,1,0,1,1,0
Middle,Male,Own,Married,Close,63300,2,NA,6,633,0,1,1,1,0,1,0,0
Young,Male,Rent,Single,Close,19100,0,NA,6,176,0,0,1,0,1,0,0,0
Middle,Female,Own,Married,Close,93400,2,NA,24,3079,1,1,1,1,0,1,0,0
Old,Female,Rent,Married,Far,52500,0,High,24,2038,1,1,0,0,0,0,0,1
Middle,Female,Rent,Married,Far,45400,3,Medium,24,1203,1,1,0,0,0,1,1,0
Young,Female,Own,Single,Far,21400,3,NA,6,326,1,0,0,1,1,0,0,0
Middle,Female,Own,Single,Close,53700,3,Low,12,235,1,0,1,1,0,1,0,0
Young,Female,Own,Married,Far,68000,0,High,24,3688,1,1,0,1,1,0,0,1
Young,Male,Rent,Single,Close,17400,0,NA,12,332,0,0,1,0,1,0,0,0
Young,Female,Rent,Single,Close,14600,1,Low,6,143,1,0,1,0,1,0,0,0
Old,Female,Own,Married,Far,100100,0,High,12,3104,1,1,0,1,0,0,0,1
Middle,Male,Own,Married,Far,103700,1,High,24,2339,0,1,0,1,0,1,0,1
Young,Female,Rent,Single,Far,10800,3,Low,6,123,1,0,0,0,1,0,0,0
Middle,Female,Own,Married,Close,81700,3,Low,24,879,1,1,1,1,0,1,0,0
Old,Female,Rent,Single,Close,21400,0,Low,18,498,1,0,1,0,0,0,0,0
Old,Female,Own,Married,Close,114800,0,High,18,3596,1,1,1,1,0,0,0,1
Old,Female,Own,Married,Far,67900,0,High,24,2925,1,1,0,1,0,0,0,1
Middle,Male,Own,Married,Close,53700,1,NA,12,1081,0,1,1,1,0,1,0,0
Young,Female,Rent,Single,Far,11400,3,NA,12,312,1,0,0,0,1,0,0,0
Young,Male,Rent,Married,Close,34300,3,NA,12,1297,0,1,1,0,1,0,0,0
Young,Female,Rent,Single,Close,16400,1,Low,12,218,1,0,1,0,1,0,0,0
Middle,Female,Own,Married,Far,109800,0,High,18,4279,1,1,0,1,0,1,0,1
Middle,Male,Own,Single,Close,64200,0,High,18,1642,0,0,1,1,0,1,0,1
Young,Male,Rent,Single,Close,17000,0,NA,18,581,0,0,1,0,1,0,0,0
Middle,Female,Rent,Single,Close,41400,3,Low,6,223,1,0,1,0,0,1,0,0
Middle,Female,Own,Single,Close,49100,2,Low,6,474,1,0,1,1,0,1,0,0
Old,Female,Own,Single,Far,42600,0,High,24,1790,1,0,0,1,0,0,0,1
Young,Female,Rent,Single,Close,11900,1,Low,6,143,1,0,1,0,1,0,0,0
Middle,Male,Own,Married,Far,113600,2,High,18,3237,0,1,0,1,0,1,0,1
Middle,Male,Own,Single,Close,52900,1,NA,24,2316,0,0,1,1,0,1,0,0
Young,Female,Rent,Single,Close,14300,1,NA,18,458,1,0,1,0,1,0,0,0
Young,Male,Rent,Single,Close,21000,0,Low,24,646,0,0,1,0,1,0,0,0
Middle,Male,Own,Single,Far,59600,2,Medium,18,1217,0,0,0,1,0,1,1,0
Middle,Female,Rent,Single,Close,39700,3,Low,12,238,1,0,1,0,0,1,0,0
Old,Male,Own,Married,Close,51200,0,Medium,12,1293,0,1,1,1,0,0,1,0
Middle,Female,Own,Married,Close,88200,0,NA,24,2749,1,1,1,1,0,1,0,0
Middle,Male,Own,Married,Far,122100,0,High,12,2408,0,1,0,1,0,1,0,1
Old,Female,Rent,Married,Close,84800,0,High,18,2624,1,1,1,0,0,0,0,1
Middle,Male,Own,Married,Far,140000,0,High,12,4894,0,1,0,1,0,1,0,1
Old,Female,Own,Single,Close,28500,0,Low,24,621,1,0,1,1,0,0,0,0
Middle,Male,Rent,Single,Close,60300,0,High,6,701,0,0,1,0,0,1,0,1
Young,Female,Rent,Married,Far,51900,0,NA,6,780,1,1,0,0,1,0,0,0
Middle,Male,Own,Single,Close,60200,0,Medium,12,1365,0,0,1,1,0,1,1,0
Middle,Male,Own,Married,Far,81200,0,High,12,2693,0,1,0,1,0,1,0,1
Old,Male,Own,Married,Close,73100,0,High,6,1582,0,1,1,1,0,0,0,1
Old,Male,Own,Single,Close,45700,0,Medium,18,724,0,0,1,1,0,0,1,0
Old,Female,Rent,Single,Close,28900,0,Low,12,830,1,0,1,0,0,0,0,0
Young,Female,Rent,Married,Close,60100,0,NA,18,1594,1,1,1,0,1,0,0,0
Middle,Female,Own,Married,Close,84800,1,NA,12,1826,1,1,1,1,0,1,0,0
Old,Female,Own,Married,Close,35000,0,Medium,6,473,1,1,1,1,0,0,1,0
Young,Female,Rent,Married,Close,61700,0,NA,12,1161,1,1,1,0,1,0,0,0
Old,Female,Rent,Married,Close,46900,0,Medium,6,703,1,1,1,0,0,0,1,0
Middle,Female,Own,Married,Close,123600,1,NA,12,1892,1,1,1,1,0,1,0,0
Young,Male,Rent,Married,Close,45800,0,Medium,6,489,0,1,1,0,1,0,1,0
Middle,Male,Own,Married,Far,77800,1,High,18,1813,0,1,0,1,0,1,0,1
Middle,Female,Own,Single,Close,48700,1,NA,12,1457,1,0,1,1,0,1,0,0
Middle,Female,Rent,Single,Far,39000,3,Low,6,292,1,0,0,0,0,1,0,0
Young,Female,Rent,Married,Close,40000,0,NA,6,613,1,1,1,0,1,0,0,0
Middle,Female,Rent,Married,Close,118300,1,NA,18,2681,1,1,1,0,0,1,0,0
Young,Female,Own,Single,Close,27100,2,Low,24,437,1,0,1,1,1,0,0,0
Middle,Female,Rent,Married,Close,91000,2,Medium,6,708,1,1,1,0,0,1,1,0
Middle,Female,Own,Married,Close,35300,0,Medium,24,1093,1,1,1,1,0,1,1,0
Young,Female,Rent,Single,Far,10200,2,Low,18,213,1,0,0,0,1,0,0,0
Young,Female,Rent,Single,Close,12500,1,Low,6,202,1,0,1,0,1,0,0,0
Old,Female,Own,Single,Close,64600,0,NA,6,1298,1,0,1,1,0,0,0,0
Middle,Male,Own,Married,Far,113800,0,NA,12,3273,0,1,0,1,0,1,0,0
Middle,Male,Own,Married,Far,113400,3,High,18,1790,0,1,0,1,0,1,0,1
Young,Female,Rent,Single,Close,16900,1,Low,6,247,1,0,1,0,1,0,0,0
Young,Female,Rent,Single,Close,13600,1,Low,6,183,1,0,1,0,1,0,0,0
Middle,Male,Own,Married,Far,100100,1,High,24,3491,0,1,0,1,0,1,0,1
Old,Female,Own,Married,Far,80000,0,High,6,1985,1,1,0,1,0,0,0,1
Middle,Male,Own,Married,Close,83900,0,High,24,1721,0,1,1,1,0,1,0,1
Middle,Male,Own,Married,Close,77000,0,High,12,2104,0,1,1,1,0,1,0,1
Middle,Female,Rent,Married,Close,72900,3,Low,6,252,1,1,1,0,0,1,0,0
Young,Male,Rent,Married,Close,80700,3,Low,6,202,0,1,1,0,1,0,0,0
Young,Female,Rent,Married,Close,40900,1,Medium,18,962,1,1,1,0,1,0,1,0
Young,Female,Rent,Single,Close,26700,1,NA,12,459,1,0,1,0,1,0,0,0
Middle,Male,Own,Married,Close,54700,0,Medium,18,848,0,1,1,1,0,1,1,0
Old,Female,Rent,Married,Close,23600,1,Low,6,161,1,1,1,0,0,0,0,0
Middle,Male,Rent,Single,Far,56900,0,High,24,1857,0,0,0,0,0,1,0,1
Middle,Male,Own,Single,Far,68700,1,NA,24,1699,0,0,0,1,0,1,0,0
Young,Female,Rent,Single,Close,19300,1,Low,24,308,1,0,1,0,1,0,0,0
Young,Male,Rent,Married,Far,20200,1,Low,24,500,0,1,0,0,1,0,0,0
Middle,Female,Rent,Married,Far,61500,3,Medium,24,1162,1,1,0,0,0,1,1,0
Middle,Female,Own,Married,Far,101700,1,NA,24,2551,1,1,0,1,0,1,0,0
Middle,Female,Rent,Married,Far,120800,1,High,24,5830,1,1,0,0,0,1,0,1
Young,Female,Rent,Single,Far,17300,1,Low,18,381,1,0,0,0,1,0,0,0
Young,Female,Rent,Married,Close,42300,0,NA,6,856,1,1,1,0,1,0,0,0
Middle,Male,Rent,Single,Close,53300,0,Medium,18,1720,0,0,1,0,0,1,1,0
Middle,Female,Rent,Single,Close,42800,0,Medium,12,759,1,0,1,0,0,1,1,0
Middle,Male,Own,Married,Close,98400,0,High,18,3305,0,1,1,1,0,1,0,1
Middle,Female,Own,Single,Close,51200,0,Medium,18,1257,1,0,1,1,0,1,1,0
Old,Male,Own,Single,Close,62200,0,NA,12,1583,0,0,1,1,0,0,0,0
Middle,Male,Own,Married,Close,109200,3,Low,24,1102,0,1,1,1,0,1,0,0
Young,Female,Rent,Single,Close,11400,2,NA,6,186,1,0,1,0,1,0,0,0
Young,Female,Rent,Single,Close,14000,0,Low,12,229,1,0,1,0,1,0,0,0
Old,Female,Rent,Married,Close,97000,0,NA,24,2599,1,1,1,0,0,0,0,0
Young,Female,Own,Single,Far,29600,3,NA,12,774,1,0,0,1,1,0,0,0
Old,Male,Own,Married,Close,71200,1,Medium,12,638,0,1,1,1,0,0,1,0
Old,Female,Rent,Single,Far,15000,0,Low,12,378,1,0,0,0,0,0,0,0
Middle,Male,Rent,Married,Far,64000,1,NA,6,1552,0,1,0,0,0,1,0,0
Old,Male,Own,Married,Far,33000,0,Medium,12,979,0,1,0,1,0,0,1,0
Old,Female,Own,Married,Close,74400,0,High,18,2479,1,1,1,1,0,0,0,1
Young,Male,Rent,Single,Far,20300,2,Low,24,450,0,0,0,0,1,0,0,0
Middle,Male,Rent,Married,Close,68700,0,High,24,2763,0,1,1,0,0,1,0,1
Young,Male,Rent,Married,Far,53600,3,Medium,24,1560,0,1,0,0,1,0,1,0
Old,Female,Own,Single,Close,33200,0,Medium,24,1037,1,0,1,1,0,0,1,0
Young,Female,Own,Married,Far,70900,0,NA,6,690,1,1,0,1,1,0,0,0
Young,Female,Rent,Single,Close,23200,3,NA,24,770,1,0,1,0,1,0,0,0
Young,Male,Own,Single,Close,41400,0,Medium,18,643,0,0,1,1,1,0,1,0
Young,Female,Rent,Married,Close,63200,0,High,24,1512,1,1,1,0,1,0,0,1
Old,Male,Own,Married,Close,107400,0,High,12,1485,0,1,1,1,0,0,0,1
Young,Male,Rent,Single,Far,13900,0,NA,24,570,0,0,0,0,1,0,0,0
Middle,Female,Rent,Married,Close,79900,1,Medium,18,1165,1,1,1,0,0,1,1,0
Middle,Male,Own,Married,Far,120000,3,High,18,1926,0,1,0,1,0,1,0,1
Old,Male,Rent,Married,Far,66300,0,NA,18,2243,0,1,0,0,0,0,0,0
Middle,Female,Own,Single,Close,54400,3,Low,18,342,1,0,1,1,0,1,0,0
Middle,Male,Own,Married,Close,84200,0,High,24,1654,0,1,1,1,0,1,0,1
Young,Female,Rent,Married,Close,13800,0,Low,18,363,1,1,1,0,1,0,0,0
Young,Female,Rent,Single,Far,14500,1,Low,6,222,1,0,0,0,1,0,0,0
Young,Male,Rent,Single,Close,21300,0,Low,24,677,0,0,1,0,1,0,0,0
Old,Male,Rent,Single,Close,29000,0,Low,6,482,0,0,1,0,0,0,0,0
Old,Female,Rent,Single,Close,14600,1,Low,24,385,1,0,1,0,0,0,0,0
Old,Male,Own,Single,Close,65300,0,High,18,1443,0,0,1,1,0,0,0,1
Middle,Female,Own,Married,Close,100800,1,High,24,1789,1,1,1,1,0,1,0,1
Young,Female,Rent,Single,Far,19800,1,Low,24,991,1,0,0,0,1,0,0,0
Middle,Male,Own,Single,Close,56700,2,Low,18,536,0,0,1,1,0,1,0,0
Old,Male,Rent,Married,Close,90200,0,High,18,2183,0,1,1,0,0,0,0,1
Young,Male,Rent,Single,Close,26100,1,NA,6,494,0,0,1,0,1,0,0,0
Young,Female,Rent,Single,Close,15900,0,Low,18,503,1,0,1,0,1,0,0,0
Young,Female,Rent,Single,Close,12700,3,Low,12,87,1,0,1,0,1,0,0,0
Middle,Male,Rent,Single,Close,43200,0,NA,24,917,0,0,1,0,0,1,0,0
Middle,Female,Rent,Married,Close,114100,1,NA,24,1976,1,1,1,0,0,1,0,0
Middle,Male,Own,Married,Close,96100,3,Low,12,316,0,1,1,1,0,1,0,0
Middle,Male,Own,Married,Close,97200,0,NA,12,1634,0,1,1,1,0,1,0,0
Middle,Male,Own,Married,Far,82400,2,High,24,2035,0,1,0,1,0,1,0,1
Old,Male,Own,Single,Far,62000,0,High,24,3293,0,0,0,1,0,0,0,1
Young,Female,Rent,Single,Close,13400,1,Low,12,143,1,0,1,0,1,0,0,0
Middle,Male,Own,Married,Close,108200,3,Low,12,635,0,1,1,1,0,1,0,0
Young,Female,Own,Married,Close,76200,0,High,12,979,1,1,1,1,1,0,0,1
Middle,Male,Rent,Married,Close,81800,1,High,18,1838,0,1,1,0,0,1,0,1
Young,Female,Rent,Single,Far,12000,0,Low,6,264,1,0,0,0,1,0,0,0
Middle,Male,Own,Married,Close,76100,0,NA,6,719,0,1,1,1,0,1,0,0
Middle,Male,Own,Married,Close,82100,1,High,18,1308,0,1,1,1,0,1,0,1
Old,Female,Own,Married,Close,103300,0,High,24,3378,1,1,1,1,0,0,0,1
Young,Male,Rent,Single,Close,14200,1,NA,24,400,0,0,1,0,1,0,0,0
Middle,Female,Own,Single,Far,47500,0,High,6,847,1,0,0,1,0,1,0,1
Young,Female,Rent,Single,Close,31300,1,Low,6,357,1,0,1,0,1,0,0,0
Young,Female,Rent,Married,Far,32700,1,NA,18,1276,1,1,0,0,1,0,0,0
Middle,Male,Own,Married,Close,72200,0,High,24,2492,0,1,1,1,0,1,0,1
Middle,Female,Own,Married,Close,107600,2,Medium,12,1512,1,1,1,1,0,1,1,0
Middle,Male,Own,Married,Close,109900,2,Medium,12,870,0,1,1,1,0,1,1,0
Middle,Female,Own,Married,Close,65400,2,Medium,24,938,1,1,1,1,0,1,1,0
Old,Female,Own,Single,Close,43300,0,NA,12,1584,1,0,1,1,0,0,0,0
Old,Female,Own,Single,Close,51900,0,Medium,12,1148,1,0,1,1,0,0,1,0
Middle,Female,Own,Married,Far,80600,0,High,24,2840,1,1,0,1,0,1,0,1
Middle,Female,Rent,Single,Close,42700,0,Medium,12,827,1,0,1,0,0,1,1,0
Young,Male,Rent,Single,Far,19000,0,NA,12,428,0,0,0,0,1,0,0,0
Young,Female,Rent,Single,Close,14500,1,Low,6,183,1,0,1,0,1,0,0,0
Middle,Female,Own,Married,Close,68200,1,NA,6,818,1,1,1,1,0,1,0,0
Young,Male,Rent,Married,Close,36700,0,Medium,12,731,0,1,1,0,1,0,1,0
Old,Male,Own,Married,Far,54600,0,High,24,2163,0,1,0,1,0,0,0,1
Middle,Male,Own,Married,Close,65900,1,Medium,12,1081,0,1,1,1,0,1,1,0
Young,Male,Own,Single,Far,39600,0,NA,12,1085,0,0,0,1,1,0,0,0
Young,Male,Rent,Married,Far,67300,3,NA,6,1212,0,1,0,0,1,0,0,0
Middle,Male,Own,Single,Close,59700,1,NA,18,1422,0,0,1,1,0,1,0,0
Middle,Female,Own,Married,Far,102800,2,High,18,2238,1,1,0,1,0,1,0,1
Middle,Female,Rent,Single,Close,34700,0,NA,18,1615,1,0,1,0,0,1,0,0
Middle,Male,Own,Single,Close,50600,3,NA,6,713,0,0,1,1,0,1,0,0
Middle,Male,Rent,Married,Close,106700,2,Medium,6,607,0,1,1,0,0,1,1,0
Middle,Male,Rent,Single,Close,53900,1,Medium,6,735,0,0,1,0,0,1,1,0
Young,Female,Rent,Married,Close,25500,2,Low,6,139,1,1,1,0,1,0,0,0
Young,Male,Rent,Married,Far,46300,1,Medium,18,1357,0,1,0,0,1,0,1,0
Old,Male,Own,Married,Close,55500,0,Medium,18,858,0,1,1,1,0,0,1,0
Young,Female,Own,Single,Close,27800,3,NA,12,408,1,0,1,1,1,0,0,0
Middle,Male,Own,Married,Close,118600,1,NA,12,1553,0,1,1,1,0,1,0,0
Middle,Female,Own,Married,Close,130700,3,NA,6,2070,1,1,1,1,0,1,0,0
Old,Male,Rent,Single,Close,42800,0,Medium,12,922,0,0,1,0,0,0,1,0
Middle,Female,Own,Married,Far,118300,1,High,12,2502,1,1,0,1,0,1,0,1
Young,Female,Rent,Single,Far,25600,2,NA,18,426,1,0,0,0,1,0,0,0
Middle,Male,Rent,Married,Close,63500,2,NA,24,2321,0,1,1,0,0,1,0,0
Old,Female,Own,Single,Close,30900,0,Medium,18,862,1,0,1,1,0,0,1,0
Middle,Male,Own,Single,Close,55900,1,NA,24,2555,0,0,1,1,0,1,0,0
Middle,Male,Own,Single,Far,53900,0,NA,12,1186,0,0,0,1,0,1,0,0
Old,Male,Own,Married,Close,84300,0,High,24,2842,0,1,1,1,0,0,0,1
Old,Male,Own,Single,Close,53400,1,Medium,12,886,0,0,1,1,0,0,1,0
Middle,Male,Own,Married,Close,96900,1,High,12,1420,0,1,1,1,0,1,0,1
Middle,Male,Rent,Single,Far,55800,1,NA,6,821,0,0,0,0,0,1,0,0
Young,Female,Rent,Married,Close,25900,1,Low,6,242,1,1,1,0,1,0,0,0
Young,Female,Rent,Single,Close,22000,1,Low,12,472,1,0,1,0,1,0,0,0
Middle,Female,Rent,Married,Close,96700,2,Medium,12,1231,1,1,1,0,0,1,1,0
Middle,Female,Rent,Single,Close,40200,1,NA,12,881,1,0,1,0,0,1,0,0
Old,Male,Own,Married,Close,26800,0,Low,12,435,0,1,1,1,0,0,0,0
Young,Female,Rent,Single,Close,16700,2,Low,12,108,1,0,1,0,1,0,0,0
Young,Female,Rent,Married,Close,40900,2,Low,18,576,1,1,1,0,1,0,0,0
Young,Male,Rent,Married,Far,41500,3,NA,24,1314,0,1,0,0,1,0,0,0
Young,Male,Rent,Single,Close,20900,0,NA,6,296,0,0,1,0,1,0,0,0
Young,Female,Rent,Married,Close,69700,2,Medium,6,584,1,1,1,0,1,0,1,0
Middle,Male,Rent,Single,Close,61800,0,High,24,1156,0,0,1,0,0,1,0,1
Middle,Male,Own,Married,Close,102500,1,High,24,2464,0,1,1,1,0,1,0,1
Middle,Female,Own,Married,Close,48900,3,NA,18,915,1,1,1,1,0,1,0,0
Middle,Male,Own,Single,Close,60300,0,NA,24,2091,0,0,1,1,0,1,0,0
Young,Male,Rent,Married,Far,41600,0,High,24,1690,0,1,0,0,1,0,0,1
Middle,Male,Own,Single,Close,73700,1,Medium,12,1274,0,0,1,1,0,1,1,0
Young,Female,Rent,Single,Close,27000,1,NA,24,1012,1,0,1,0,1,0,0,0
Middle,Female,Rent,Single,Close,43700,0,Medium,12,950,1,0,1,0,0,1,1,0
Young,Male,Rent,Single,Close,10200,2,NA,12,333,0,0,1,0,1,0,0,0
Middle,Female,Own,Married,Close,63300,2,Medium,24,679,1,1,1,1,0,1,1,0
Young,Female,Own,Single,Far,33200,2,Medium,12,607,1,0,0,1,1,0,1,0
Old,Female,Own,Married,Far,78800,0,High,18,3398,1,1,0,1,0,0,0,1
Middle,Male,Own,Married,Close,82500,0,High,6,859,0,1,1,1,0,1,0,1
Middle,Male,Own,Single,Far,80800,2,High,18,2444,0,0,0,1,0,1,0,1
Middle,Male,Own,Married,Close,88100,2,Medium,24,1078,0,1,1,1,0,1,1,0
Middle,Male,Rent,Married,Far,124800,3,High,18,2537,0,1,0,0,0,1,0,1
Young,Male,Own,Single,Close,31900,0,Medium,6,616,0,0,1,1,1,0,1,0
Middle,Female,Own,Single,Close,53300,3,NA,6,508,1,0,1,1,0,1,0,0
Old,Male,Own,Married,Far,15400,0,Low,6,297,0,1,0,1,0,0,0,0
Middle,Male,Own,Married,Close,70200,0,NA,6,1583,0,1,1,1,0,1,0,0
Young,Female,Rent,Single,Close,23000,3,Low,6,79,1,0,1,0,1,0,0,0
Middle,Female,Own,Married,Close,82400,2,Medium,18,657,1,1,1,1,0,1,1,0
Middle,Female,Own,Married,Close,97900,0,High,24,2149,1,1,1,1,0,1,0,1
Old,Female,Rent,Married,Far,88400,0,High,18,3632,1,1,0,0,0,0,0,1
Middle,Female,Own,Married,Close,86900,0,High,18,2230,1,1,1,1,0,1,0,1
Middle,Female,Own,Single,Close,45100,1,Medium,12,448,1,0,1,1,0,1,1,0
Middle,Male,Rent,Single,Close,41800,3,Low,24,301,0,0,1,0,0,1,0,0
Old,Male,Own,Married,Close,74800,0,High,18,1968,0,1,1,1,0,0,0,1
Middle,Female,Rent,Married,Close,73000,1,Medium,6,490,1,1,1,0,0,1,1,0
Middle,Male,Own,Married,Close,118500,1,High,24,3063,0,1,1,1,0,1,0,1
Middle,Male,Own,Single,Close,65300,3,Low,6,193,0,0,1,1,0,1,0,0
Middle,Female,Rent,Married,Close,66300,2,Medium,12,544,1,1,1,0,0,1,1,0
Middle,Male,Own,Married,Far,103900,1,High,24,2666,0,1,0,1,0,1,0,1
Middle,Female,Own,Married,Close,71900,0,High,18,1846,1,1,1,1,0,1,0,1
Middle,Male,Own,Married,Far,86100,1,NA,12,1255,0,1,0,1,0,1,0,0
Middle,Male,Own,Married,Close,96300,1,High,12,1081,0,1,1,1,0,1,0,1
Young,Female,Rent,Single,Close,10200,3,NA,6,199,1,0,1,0,1,0,0,0
Middle,Male,Own,Married,Close,96300,2,NA,18,3916,0,1,1,1,0,1,0,0
Old,Female,Own,Single,Far,24000,1,Low,6,357,1,0,0,1,0,0,0,0
Middle,Female,Rent,Married,Close,46700,0,Medium,24,983,1,1,1,0,0,1,1,0
Middle,Female,Rent,Single,Close,53700,2,NA,12,1194,1,0,1,0,0,1,0,0
Middle,Male,Rent,Married,Close,108300,2,NA,12,2224,0,1,1,0,0,1,0,0
Young,Female,Rent,Single,Close,12100,1,Low,6,90,1,0,1,0,1,0,0,0
Young,Male,Rent,Married,Close,36600,0,NA,6,587,0,1,1,0,1,0,0,0
Old,Male,Own,Married,Close,66300,0,High,12,1088,0,1,1,1,0,0,0,1
Young,Female,Own,Single,Close,33400,1,NA,6,617,1,0,1,1,1,0,0,0
Middle,Male,Own,Married,Far,70000,1,NA,6,1227,0,1,0,1,0,1,0,0
Middle,Female,Own,Single,Close,47900,1,Medium,24,662,1,0,1,1,0,1,1,0
Middle,Female,Rent,Married,Close,40500,2,Low,18,622,1,1,1,0,0,1,0,0
Old,Male,Own,Single,Close,69100,0,High,12,1477,0,0,1,1,0,0,0,1
Young,Female,Rent,Single,Close,13300,1,NA,6,236,1,0,1,0,1,0,0,0
Middle,Female,Rent,Married,Far,75800,1,High,12,1830,1,1,0,0,0,1,0,1
Middle,Female,Rent,Married,Close,48600,0,Medium,24,1583,1,1,1,0,0,1,1,0
Old,Female,Own,Single,Close,39600,0,Medium,12,610,1,0,1,1,0,0,1,0
Young,Female,Rent,Single,Close,11700,0,Low,12,193,1,0,1,0,1,0,0,0
Young,Male,Rent,Married,Close,52600,1,Medium,12,1052,0,1,1,0,1,0,1,0
Young,Male,Rent,Single,Close,14600,3,NA,6,307,0,0,1,0,1,0,0,0
Old,Male,Own,Married,Close,123000,0,High,24,3671,0,1,1,1,0,0,0,1
Old,Female,Rent,Married,Far,64600,0,High,18,2206,1,1,0,0,0,0,0,1
Middle,Female,Own,Single,Far,34600,2,Medium,18,748,1,0,0,1,0,1,1,0
Middle,Male,Own,Married,Close,74500,0,High,6,1481,0,1,1,1,0,1,0,1
Old,Male,Own,Married,Close,56600,0,NA,24,1607,0,1,1,1,0,0,0,0
Old,Female,Rent,Single,Close,37000,1,NA,6,632,1,0,1,0,0,0,0,0
Young,Female,Rent,Single,Far,18400,1,Low,6,303,1,0,0,0,1,0,0,0
Young,Male,Rent,Single,Close,25000,0,Low,6,264,0,0,1,0,1,0,0,0
Middle,Male,Own,Married,Far,61400,1,High,24,1575,0,1,0,1,0,1,0,1
Middle,Male,Own,Married,Close,76400,2,Medium,18,881,0,1,1,1,0,1,1,0
Young,Male,Own,Married,Close,55100,0,Medium,18,1439,0,1,1,1,1,0,1,0
Old,Female,Own,Married,Far,22800,0,NA,12,452,1,1,0,1,0,0,0,0
Old,Female,Own,Married,Close,10100,1,Low,6,93,1,1,1,1,0,0,0,0
Young,Male,Rent,Single,Close,17800,0,Low,18,292,0,0,1,0,1,0,0,0
Middle,Female,Own,Married,Close,59100,1,NA,6,1426,1,1,1,1,0,1,0,0
Young,Female,Rent,Single,Far,19700,2,Low,6,330,1,0,0,0,1,0,0,0
Middle,Male,Own,Married,Far,73800,0,High,24,3120,0,1,0,1,0,1,0,1
Middle,Male,Own,Married,Far,113300,1,High,18,5151,0,1,0,1,0,1,0,1
Middle,Male,Own,Married,Far,118400,2,NA,12,3941,0,1,0,1,0,1,0,0
Middle,Male,Own,Married,Close,92300,1,NA,24,2141,0,1,1,1,0,1,0,0
Young,Male,Rent,Single,Close,11200,0,NA,6,106,0,0,1,0,1,0,0,0
Young,Female,Rent,Married,Far,30100,0,Medium,12,530,1,1,0,0,1,0,1,0
Middle,Female,Own,Single,Close,43500,1,Medium,12,500,1,0,1,1,0,1,1,0
Middle,Male,Own,Married,Close,97500,0,High,18,2837,0,1,1,1,0,1,0,1
Old,Male,Own,Married,Close,54600,0,Medium,24,1246,0,1,1,1,0,0,1,0
Middle,Male,Rent,Single,Far,42500,1,NA,6,798,0,0,0,0,0,1,0,0
Middle,Male,Own,Single,Close,82800,0,NA,6,1544,0,0,1,1,0,1,0,0
Old,Male,Own,Married,Far,62300,0,High,24,2644,0,1,0,1,0,0,0,1
Young,Male,Rent,Single,Far,21900,2,NA,6,192,0,0,0,0,1,0,0,0
Middle,Female,Rent,Single,Far,35600,3,Low,18,865,1,0,0,0,0,1,0,0
Middle,Male,Own,Married,Close,96900,0,High,6,1159,0,1,1,1,0,1,0,1
Young,Female,Rent,Married,Close,36900,1,NA,18,1480,1,1,1,0,1,0,0,0
Middle,Female,Rent,Married,Close,93500,1,High,18,1426,1,1,1,0,0,1,0,1
Middle,Male,Own,Married,Close,97300,1,NA,12,3048,0,1,1,1,0,1,0,0
Young,Male,Rent,Single,Close,21900,0,Low,12,276,0,0,1,0,1,0,0,0
Middle,Male,Rent,Single,Close,63000,0,High,24,1910,0,0,1,0,0,1,0,1
Young,Female,Rent,Single,Close,11500,3,NA,6,157,1,0,1,0,1,0,0,0
Middle,Male,Own,Single,Close,44600,2,Low,6,236,0,0,1,1,0,1,0,0
Young,Female,Rent,Single,Close,21900,1,NA,12,576,1,0,1,0,1,0,0,0
Middle,Male,Rent,Single,Far,45100,1,Medium,12,794,0,0,0,0,0,1,1,0
Old,Female,Own,Married,Close,74900,0,High,12,1474,1,1,1,1,0,0,0,1
Young,Male,Rent,Single,Close,14200,0,Low,6,250,0,0,1,0,1,0,0,0
Young,Female,Rent,Single,Far,23200,2,NA,24,788,1,0,0,0,1,0,0,0
Old,Male,Own,Married,Close,73300,0,NA,12,1694,0,1,1,1,0,0,0,0
Old,Male,Own,Married,Far,41300,0,High,24,1985,0,1,0,1,0,0,0,1
Old,Female,Own,Single,Far,32700,0,Medium,24,1252,1,0,0,1,0,0,1,0
Old,Female,Own,Single,Close,35200,0,NA,12,827,1,0,1,1,0,0,0,0
Young,Female,Rent,Single,Close,13100,0,NA,18,314,1,0,1,0,1,0,0,0
Middle,Male,Own,Married,Close,97400,1,High,6,880,0,1,1,1,0,1,0,1
Young,Female,Rent,Single,Far,23100,2,Low,6,466,1,0,0,0,1,0,0,0
Middle,Male,Own,Single,Close,49200,3,Low,12,210,0,0,1,1,0,1,0,0
Middle,Male,Own,Single,Far,45000,1,NA,18,902,0,0,0,1,0,1,0,0
Middle,Male,Own,Married,Close,87200,0,High,18,1274,0,1,1,1,0,1,0,1
Middle,Male,Own,Single,Close,49900,1,NA,24,1631,0,0,1,1,0,1,0,0
Middle,Male,Own,Married,Close,66900,0,High,12,1220,0,1,1,1,0,1,0,1
Middle,Female,Own,Single,Close,47600,1,Medium,12,801,1,0,1,1,0,1,1,0
Middle,Female,Own,Single,Close,47900,0,NA,12,1090,1,0,1,1,0,1,0,0
Middle,Male,Own,Single,Close,59400,0,Medium,18,1699,0,0,1,1,0,1,1,0
Middle,Female,Rent,Single,Close,32700,2,Low,6,273,1,0,1,0,0,1,0,0
Middle,Male,Rent,Single,Close,34200,1,Low,18,523,0,0,1,0,0,1,0,0
Middle,Male,Own,Married,Close,96600,0,NA,12,1437,0,1,1,1,0,1,0,0
Middle,Female,Own,Married,Close,126300,1,High,6,1888,1,1,1,1,0,1,0,1
Young,Male,Rent,Single,Close,31600,1,NA,12,476,0,0,1,0,1,0,0,0
Middle,Female,Own,Married,Far,108100,3,High,18,2632,1,1,0,1,0,1,0,1
Middle,Female,Rent,Single,Close,43300,3,Low,24,326,1,0,1,0,0,1,0,0
Old,Female,Rent,Single,Far,17900,0,Low,6,446,1,0,0,0,0,0,0,0
Middle,Male,Own,Single,Far,50100,1,High,18,1071,0,0,0,1,0,1,0,1
Old,Female,Own,Married,Close,74700,0,High,12,1699,1,1,1,1,0,0,0,1
Old,Male,Rent,Married,Close,60000,0,Medium,6,966,0,1,1,0,0,0,1,0
Young,Male,Own,Single,Close,33400,0,NA,12,567,0,0,1,1,1,0,0,0
Middle,Female,Rent,Married,Close,68800,0,NA,6,1658,1,1,1,0,0,1,0,0
Middle,Female,Rent,Single,Close,25700,2,Low,6,173,1,0,1,0,0,1,0,0
Middle,Male,Own,Married,Close,83700,0,High,24,3344,0,1,1,1,0,1,0,1
Middle,Male,Rent,Single,Close,50500,0,Medium,12,1029,0,0,1,0,0,1,1,0
Young,Female,Rent,Single,Close,17300,0,Low,12,345,1,0,1,0,1,0,0,0
Middle,Male,Own,Single,Close,45800,0,NA,6,712,0,0,1,1,0,1,0,0
Old,Male,Own,Married,Close,108900,0,High,12,1841,0,1,1,1,0,0,0,1
Middle,Female,Rent,Married,Close,60500,2,Low,6,409,1,1,1,0,0,1,0,0
Old,Female,Own,Married,Far,84100,0,High,18,2710,1,1,0,1,0,0,0,1
Young,Male,Rent,Married,Far,25100,0,Medium,12,592,0,1,0,0,1,0,1,0
Middle,Male,Own,Married,Close,69900,1,NA,18,2101,0,1,1,1,0,1,0,0
Middle,Male,Own,Married,Close,97100,0,NA,12,1473,0,1,1,1,0,1,0,0
Middle,Female,Own,Married,Close,72200,2,Medium,18,715,1,1,1,1,0,1,1,0
Old,Female,Own,Married,Far,78900,0,High,18,2233,1,1,0,1,0,0,0,1
Middle,Female,Own,Single,Far,62500,3,NA,6,921,1,0,0,1,0,1,0,0
Young,Female,Rent,Single,Close,17800,1,Low,6,216,1,0,1,0,1,0,0,0
Middle,Female,Own,Married,Close,105500,1,High,6,1781,1,1,1,1,0,1,0,1
Middle,Female,Own,Single,Close,46100,2,Low,12,418,1,0,1,1,0,1,0,0
Young,Male,Rent,Single,Close,27100,1,Low,12,268,0,0,1,0,1,0,0,0
Young,Male,Rent,Married,Far,60300,1,NA,6,1252,0,1,0,0,1,0,0,0
Young,Female,Rent,Single,Close,12000,0,Low,6,140,1,0,1,0,1,0,0,0
Middle,Female,Own,Single,Close,48400,0,Medium,12,992,1,0,1,1,0,1,1,0
Middle,Male,Rent,Single,Close,45600,0,Medium,18,1388,0,0,1,0,0,1,1,0
Middle,Female,Own,Single,Close,35200,2,Low,6,233,1,0,1,1,0,1,0,0
Middle,Male,Rent,Single,Far,60200,0,High,24,2304,0,0,0,0,0,1,0,1
Middle,Female,Rent,Married,Far,53900,1,High,18,2177,1,1,0,0,0,1,0,1
Middle,Male,Own,Married,Close,70400,2,NA,12,1127,0,1,1,1,0,1,0,0
Young,Male,Rent,Married,Close,36900,0,Medium,18,721,0,1,1,0,1,0,1,0
Old,Female,Own,Single,Close,36100,0,Medium,12,438,1,0,1,1,0,0,1,0
Young,Female,Rent,Single,Close,11000,2,NA,18,393,1,0,1,0,1,0,0,0
Middle,Male,Own,Single,Close,61600,0,NA,18,1666,0,0,1,1,0,1,0,0
Middle,Male,Own,Married,Close,88700,1,NA,18,2448,0,1,1,1,0,1,0,0
Middle,Female,Own,Married,Far,88600,1,High,18,2563,1,1,0,1,0,1,0,1
Middle,Male,Rent,Married,Close,79500,0,High,18,1763,0,1,1,0,0,1,0,1
Young,Female,Rent,Single,Close,18900,1,Low,6,184,1,0,1,0,1,0,0,0
Old,Female,Own,Single,Close,17300,0,Low,6,166,1,0,1,1,0,0,0,0
Middle,Female,Rent,Married,Close,81400,2,NA,6,1014,1,1,1,0,0,1,0,0
Young,Male,Rent,Married,Close,36500,0,Medium,24,1140,0,1,1,0,1,0,1,0
Middle,Female,Own,Single,Close,43300,1,NA,18,1021,1,0,1,1,0,1,0,0
Middle,Male,Own,Married,Close,76700,1,Medium,24,1431,0,1,1,1,0,1,1,0
Middle,Male,Own,Married,Far,123000,1,High,24,5878,0,1,0,1,0,1,0,1
Middle,Male,Own,Single,Close,56300,3,Low,6,321,0,0,1,1,0,1,0,0
Middle,Male,Own,Married,Close,70000,0,High,24,1974,0,1,1,1,0,1,0,1
Middle,Male,Own,Single,Close,48100,0,Medium,18,1640,0,0,1,1,0,1,1,0
Young,Female,Rent,Married,Close,79400,0,NA,6,1175,1,1,1,0,1,0,0,0
Middle,Female,Own,Married,Close,63700,3,Low,12,364,1,1,1,1,0,1,0,0
Young,Male,Rent,Single,Close,21200,0,NA,12,417,0,0,1,0,1,0,0,0
Middle,Male,Rent,Single,Close,53900,0,Medium,12,1060,0,0,1,0,0,1,1,0
Old,Female,Own,Married,Close,118800,0,High,18,2176,1,1,1,1,0,0,0,1
Middle,Female,Own,Married,Close,79400,3,Low,6,200,1,1,1,1,0,1,0,0
Old,Female,Rent,Single,Far,20400,0,NA,24,513,1,0,0,0,0,0,0,0
Middle,Male,Rent,Single,Close,52400,0,NA,18,857,0,0,1,0,0,1,0,0
Old,Female,Own,Single,Close,17600,0,Low,6,224,1,0,1,1,0,0,0,0
Young,Male,Rent,Single,Close,23500,0,Low,12,371,0,0,1,0,1,0,0,0
Young,Male,Rent,Married,Close,56900,2,Low,12,687,0,1,1,0,1,0,0,0
Middle,Male,Own,Married,Close,95100,2,Medium,12,809,0,1,1,1,0,1,1,0
Middle,Male,Own,Married,Close,119800,2,Medium,24,2090,0,1,1,1,0,1,1,0
Old,Male,Own,Single,Close,58700,0,NA,24,1479,0,0,1,1,0,0,0,0
Middle,Female,Own,Married,Close,76700,2,Medium,6,534,1,1,1,1,0,1,1,0
Middle,Male,Own,Married,Close,67600,1,Medium,18,1172,0,1,1,1,0,1,1,0
Middle,Male,Own,Single,Close,61500,2,Medium,24,968,0,0,1,1,0,1,1,0
Old,Female,Own,Married,Close,72900,0,High,6,753,1,1,1,1,0,0,0,1
Old,Female,Rent,Single,Close,21200,0,Low,6,242,1,0,1,0,0,0,0,0
Old,Male,Rent,Single,Close,32400,1,Low,12,515,0,0,1,0,0,0,0,0
Middle,Female,Own,Married,Close,62200,3,NA,24,2119,1,1,1,1,0,1,0,0
Old,Female,Own,Single,Close,24400,0,Low,6,491,1,0,1,1,0,0,0,0
Middle,Male,Own,Married,Close,66500,3,Low,12,286,0,1,1,1,0,1,0,0
Old,Female,Rent,Married,Far,72200,0,High,24,3069,1,1,0,0,0,0,0,1
Young,Female,Rent,Single,Close,16900,2,NA,6,281,1,0,1,0,1,0,0,0
Young,Male,Rent,Married,Close,56300,0,NA,24,1608,0,1,1,0,1,0,0,0
Old,Female,Own,Single,Far,22000,0,Medium,12,736,1,0,0,1,0,0,1,0
Young,Female,Rent,Single,Close,18800,2,Low,18,170,1,0,1,0,1,0,0,0
Young,Female,Rent,Single,Close,26600,2,Low,24,245,1,0,1,0,1,0,0,0
Middle,Female,Rent,Married,Close,72100,0,High,24,3052,1,1,1,0,0,1,0,1
Middle,Male,Own,Single,Far,55600,0,High,18,1786,0,0,0,1,0,1,0,1
Young,Female,Rent,Single,Close,14600,3,Low,6,47,1,0,1,0,1,0,0,0
Old,Male,Own,Married,Close,45900,0,Medium,24,1645,0,1,1,1,0,0,1,0
Young,Female,Own,Single,Close,15100,0,Low,6,274,1,0,1,1,1,0,0,0
Middle,Male,Own,Married,Close,140700,3,Medium,12,1001,0,1,1,1,0,1,1,0
Middle,Male,Own,Married,Close,90300,0,High,24,1944,0,1,1,1,0,1,0,1
Old,Male,Own,Married,Close,95900,0,High,24,2585,0,1,1,1,0,0,0,1
Young,Male,Rent,Single,Far,20800,0,NA,6,260,0,0,0,0,1,0,0,0
Middle,Male,Own,Married,Close,98400,0,High,12,1414,0,1,1,1,0,1,0,1
Young,Female,Rent,Single,Close,15000,2,NA,12,341,1,0,1,0,1,0,0,0
Young,Male,Rent,Single,Close,17700,1,Low,12,268,0,0,1,0,1,0,0,0
Middle,Male,Own,Married,Close,102400,1,High,18,1237,0,1,1,1,0,1,0,1
Young,Male,Rent,Single,Far,17800,1,NA,18,589,0,0,0,0,1,0,0,0
Young,Male,Rent,Single,Far,13800,1,Low,12,368,0,0,0,0,1,0,0,0
Middle,Female,Rent,Single,Close,50500,1,Medium,12,940,1,0,1,0,0,1,1,0
Middle,Female,Rent,Single,Close,42000,3,Low,18,232,1,0,1,0,0,1,0,0
Middle,Male,Own,Married,Close,95800,3,Low,12,678,0,1,1,1,0,1,0,0
Young,Male,Rent,Single,Close,15200,0,NA,12,324,0,0,1,0,1,0,0,0
Young,Male,Rent,Single,Close,15800,2,Low,12,147,0,0,1,0,1,0,0,0
Old,Male,Own,Single,Close,51400,0,NA,6,694,0,0,1,1,0,0,0,0
Old,Female,Rent,Married,Close,38200,0,Medium,6,526,1,1,1,0,0,0,1,0
Middle,Female,Rent,Single,Close,39900,1,Low,12,586,1,0,1,0,0,1,0,0
Young,Female,Own,Single,Close,21600,2,NA,12,491,1,0,1,1,1,0,0,0
Old,Female,Own,Married,Close,65900,0,High,24,1436,1,1,1,1,0,0,0,1
Middle,Female,Own,Married,Close,97500,1,High,12,1280,1,1,1,1,0,1,0,1
Middle,Male,Rent,Married,Far,63000,0,High,18,2107,0,1,0,0,0,1,0,1
Young,Female,Own,Single,Far,31900,0,NA,12,860,1,0,0,1,1,0,0,0
Middle,Female,Rent,Single,Far,45500,1,NA,18,1624,1,0,0,0,0,1,0,0
Old,Female,Own,Single,Close,12800,0,NA,12,230,1,0,1,1,0,0,0,0
Old,Female,Own,Married,Far,12600,2,Low,12,164,1,1,0,1,0,0,0,0
Middle,Male,Rent,Single,Close,50700,3,Low,6,157,0,0,1,0,0,1,0,0
Young,Female,Rent,Single,Close,17900,3,Low,6,62,1,0,1,0,1,0,0,0
Young,Female,Rent,Single,Close,14400,1,Low,18,223,1,0,1,0,1,0,0,0
Old,Female,Own,Single,Close,23800,0,Low,6,438,1,0,1,1,0,0,0,0
Middle,Male,Own,Married,Close,84700,3,NA,24,2705,0,1,1,1,0,1,0,0
Middle,Female,Rent,Single,Close,36900,1,Low,6,371,1,0,1,0,0,1,0,0
Old,Female,Own,Single,Close,20600,0,Low,6,201,1,0,1,1,0,0,0,0
Young,Male,Rent,Married,Close,41500,0,NA,24,1213,0,1,1,0,1,0,0,0
Middle,Male,Own,Married,Close,83100,2,Medium,6,586,0,1,1,1,0,1,1,0
Middle,Male,Own,Married,Far,88700,2,High,24,2693,0,1,0,1,0,1,0,1
Old,Female,Own,Married,Close,54700,0,Medium,24,1404,1,1,1,1,0,0,1,0
Middle,Male,Own,Single,Close,68900,2,NA,18,2784,0,0,1,1,0,1,0,0
Young,Female,Rent,Single,Close,22200,2,Low,18,275,1,0,1,0,1,0,0,0
Middle,Female,Own,Married,Close,70900,1,Medium,12,794,1,1,1,1,0,1,1,0
Middle,Male,Own,Single,Close,55900,0,Medium,12,964,0,0,1,1,0,1,1,0
Middle,Female,Own,Married,Close,80800,1,NA,18,1598,1,1,1,1,0,1,0,0
Middle,Male,Own,Married,Far,100600,3,High,24,2838,0,1,0,1,0,1,0,1
Old,Female,Own,Single,Close,39900,0,NA,6,619,1,0,1,1,0,0,0,0
Young,Female,Rent,Married,Close,71200,3,Low,12,392,1,1,1,0,1,0,0,0
Old,Female,Own,Married,Close,61000,0,NA,18,1850,1,1,1,1,0,0,0,0
Old,Male,Own,Single,Close,38700,0,NA,24,1506,0,0,1,1,0,0,0,0
Middle,Male,Own,Married,Far,98900,0,NA,18,3126,0,1,0,1,0,1,0,0
Middle,Male,Own,Single,Close,64300,0,NA,6,1325,0,0,1,1,0,1,0,0
Middle,Female,Own,Married,Close,75600,0,NA,12,1541,1,1,1,1,0,1,0,0
Young,Female,Rent,Married,Far,53700,0,High,24,2491,1,1,0,0,1,0,0,1
Middle,Male,Own,Single,Close,66600,0,High,18,1177,0,0,1,1,0,1,0,1
Old,Female,Own,Married,Close,89000,0,High,12,1487,1,1,1,1,0,0,0,1
Young,Female,Rent,Single,Far,18200,2,Low,12,322,1,0,0,0,1,0,0,0
Young,Female,Rent,Married,Close,73600,1,Medium,6,647,1,1,1,0,1,0,1,0
Middle,Female,Rent,Single,Far,45600,0,High,12,1322,1,0,0,0,0,1,0,1
Young,Male,Own,Married,Close,73000,0,NA,6,1534,0,1,1,1,1,0,0,0
Young,Male,Own,Single,Close,29600,3,NA,12,583,0,0,1,1,1,0,0,0
Middle,Male,Rent,Married,Close,92900,1,NA,6,1705,0,1,1,0,0,1,0,0
Old,Female,Rent,Single,Far,13900,0,Low,6,191,1,0,0,0,0,0,0,0
Young,Male,Rent,Married,Close,64300,3,Low,6,239,0,1,1,0,1,0,0,0
Middle,Male,Own,Married,Close,77100,2,Medium,6,568,0,1,1,1,0,1,1,0
Young,Female,Own,Single,Close,27500,3,NA,12,571,1,0,1,1,1,0,0,0
Old,Male,Rent,Married,Close,81800,0,High,6,919,0,1,1,0,0,0,0,1
Old,Female,Rent,Married,Close,41700,0,Medium,18,1398,1,1,1,0,0,0,1,0
Old,Female,Own,Married,Close,51000,0,Medium,12,1025,1,1,1,1,0,0,1,0
Middle,Male,Rent,Single,Close,55900,1,Medium,12,909,0,0,1,0,0,1,1,0
Young,Male,Rent,Single,Close,19800,2,Low,12,209,0,0,1,0,1,0,0,0
Young,Male,Rent,Single,Close,17600,0,NA,6,245,0,0,1,0,1,0,0,0
Middle,Male,Rent,Married,Far,84100,1,High,24,2362,0,1,0,0,0,1,0,1
Middle,Male,Own,Married,Close,85600,0,High,24,3380,0,1,1,1,0,1,0,1
Young,Male,Rent,Single,Close,13400,0,Low,18,424,0,0,1,0,1,0,0,0
Young,Female,Rent,Married,Far,47200,1,Medium,12,1272,1,1,0,0,1,0,1,0
Middle,Male,Own,Married,Close,96300,1,High,24,1909,0,1,1,1,0,1,0,1
Middle,Male,Own,Married,Close,60500,3,Low,12,340,0,1,1,1,0,1,0,0
Middle,Female,Own,Single,Close,35800,1,NA,24,1355,1,0,1,1,0,1,0,0
Middle,Male,Rent,Married,Close,106100,3,Low,12,472,0,1,1,0,0,1,0,0
Young,Male,Rent,Single,Close,18000,0,Low,12,303,0,0,1,0,1,0,0,0
Middle,Male,Rent,Single,Far,50000,1,NA,6,1079,0,0,0,0,0,1,0,0
Old,Female,Own,Single,Close,58200,0,Medium,18,981,1,0,1,1,0,0,1,0
Young,Female,Rent,Single,Far,13500,2,Low,12,160,1,0,0,0,1,0,0,0
Middle,Female,Own,Married,Close,59900,1,NA,6,613,1,1,1,1,0,1,0,0
Young,Female,Rent,Single,Far,18400,1,Low,12,662,1,0,0,0,1,0,0,0
Middle,Male,Rent,Married,Close,62800,3,Low,6,177,0,1,1,0,0,1,0,0
Middle,Male,Rent,Single,Close,70000,0,High,6,785,0,0,1,0,0,1,0,1
Young,Female,Rent,Single,Far,13600,1,NA,18,349,1,0,0,0,1,0,0,0
Middle,Female,Rent,Married,Close,97400,3,Low,6,213,1,1,1,0,0,1,0,0
Old,Female,Own,Married,Far,37500,0,Medium,18,1578,1,1,0,1,0,0,1,0
Old,Female,Own,Single,Close,22800,0,Low,6,258,1,0,1,1,0,0,0,0
Young,Female,Rent,Single,Close,14200,0,NA,6,192,1,0,1,0,1,0,0,0
Young,Male,Rent,Single,Close,18700,0,Low,12,289,0,0,1,0,1,0,0,0
Middle,Male,Own,Married,Close,107400,1,High,24,1821,0,1,1,1,0,1,0,1
Young,Female,Rent,Single,Far,28900,0,Medium,24,905,1,0,0,0,1,0,1,0
Middle,Male,Rent,Married,Close,38400,2,Low,6,188,0,1,1,0,0,1,0,0
Middle,Male,Rent,Single,Close,54200,0,NA,18,1405,0,0,1,0,0,1,0,0
Old,Male,Own,Married,Close,102700,0,NA,18,2381,0,1,1,1,0,0,0,0
Young,Female,Rent,Single,Close,13300,1,Low,6,184,1,0,1,0,1,0,0,0
Middle,Male,Own,Single,Close,60200,3,NA,12,1364,0,0,1,1,0,1,0,0
Young,Male,Rent,Single,Close,21400,0,NA,12,414,0,0,1,0,1,0,0,0
Young,Female,Rent,Single,Close,21700,2,NA,6,387,1,0,1,0,1,0,0,0
Young,Male,Rent,Single,Close,23200,1,Low,24,504,0,0,1,0,1,0,0,0
Middle,Male,Own,Married,Close,64800,2,Medium,12,574,0,1,1,1,0,1,1,0
Middle,Male,Rent,Single,Close,55600,0,Medium,6,984,0,0,1,0,0,1,1,0
Middle,Male,Own,Married,Far,89500,0,High,24,5209,0,1,0,1,0,1,0,1
Young,Female,Rent,Single,Far,12500,1,NA,12,422,1,0,0,0,1,0,0,0
Middle,Male,Own,Married,Close,87000,0,High,24,1594,0,1,1,1,0,1,0,1
Middle,Female,Rent,Single,Far,31200,3,NA,24,1087,1,0,0,0,0,1,0,0
Young,Female,Rent,Single,Close,13700,1,NA,6,163,1,0,1,0,1,0,0,0
Middle,Male,Own,Single,Close,55500,3,Low,18,427,0,0,1,1,0,1,0,0
Middle,Female,Rent,Single,Close,58600,1,Medium,6,624,1,0,1,0,0,1,1,0
Young,Female,Own,Married,Far,55900,1,NA,6,788,1,1,0,1,1,0,0,0
Young,Female,Rent,Single,Far,13700,2,NA,24,414,1,0,0,0,1,0,0,0
Old,Female,Own,Married,Far,81400,0,High,24,3001,1,1,0,1,0,0,0,1
Old,Female,Own,Married,Close,90500,0,High,6,863,1,1,1,1,0,0,0,1
Middle,Female,Own,Married,Close,82200,1,NA,12,1517,1,1,1,1,0,1,0,0
Middle,Male,Own,Married,Far,65400,3,NA,6,836,0,1,0,1,0,1,0,0
Middle,Male,Own,Single,Close,74400,0,High,12,1152,0,0,1,1,0,1,0,1
Young,Male,Rent,Married,Far,63300,3,NA,6,1408,0,1,0,0,1,0,0,0
Young,Male,Rent,Married,Far,51600,0,NA,12,1082,0,1,0,0,1,0,0,0
Young,Male,Rent,Married,Far,55000,0,NA,12,1162,0,1,0,0,1,0,0,0
Middle,Female,Own,Single,Close,43900,2,Low,6,358,1,0,1,1,0,1,0,0
Young,Female,Own,Single,Close,20300,1,Low,12,304,1,0,1,1,1,0,0,0
Young,Female,Own,Single,Far,16300,0,NA,12,360,1,0,0,1,1,0,0,0
Middle,Male,Own,Married,Close,97600,2,Medium,12,1162,0,1,1,1,0,1,1,0
Old,Female,Rent,Single,Far,15100,0,Low,6,348,1,0,0,0,0,0,0,0
Young,Female,Rent,Single,Close,12500,3,NA,12,206,1,0,1,0,1,0,0,0
Young,Female,Rent,Single,Close,10600,2,Low,12,114,1,0,1,0,1,0,0,0
Middle,Female,Own,Single,Close,41300,1,NA,18,932,1,0,1,1,0,1,0,0
Young,Female,Own,Single,Close,27200,2,Low,18,446,1,0,1,1,1,0,0,0
Middle,Male,Own,Married,Close,102400,1,NA,12,2466,0,1,1,1,0,1,0,0
Young,Female,Own,Single,Far,27900,1,NA,12,576,1,0,0,1,1,0,0,0
Old,Male,Rent,Married,Far,23800,0,NA,12,428,0,1,0,0,0,0,0,0
Middle,Male,Own,Married,Close,100000,1,High,24,2247,0,1,1,1,0,1,0,1
Middle,Female,Rent,Married,Far,43300,3,Medium,24,716,1,1,0,0,0,1,1,0
Middle,Male,Own,Married,Close,65800,1,NA,12,1017,0,1,1,1,0,1,0,0
Middle,Female,Own,Married,Close,49700,2,Low,18,613,1,1,1,1,0,1,0,0
Middle,Female,Rent,Married,Close,82300,2,Medium,12,580,1,1,1,0,0,1,1,0
Middle,Male,Rent,Single,Close,41200,0,Medium,12,841,0,0,1,0,0,1,1,0
Young,Male,Rent,Single,Close,29200,0,Low,18,737,0,0,1,0,1,0,0,0
Middle,Female,Own,Single,Close,51900,2,NA,12,1162,1,0,1,1,0,1,0,0
Middle,Female,Own,Married,Close,85500,2,Medium,18,895,1,1,1,1,0,1,1,0
Young,Female,Rent,Single,Far,12400,3,Low,18,205,1,0,0,0,1,0,0,0
Middle,Female,Own,Married,Close,111900,1,NA,12,2340,1,1,1,1,0,1,0,0
Middle,Female,Rent,Single,Close,40400,1,Low,24,630,1,0,1,0,0,1,0,0
Young,Male,Rent,Single,Far,10900,0,Low,24,407,0,0,0,0,1,0,0,0
Middle,Male,Own,Married,Close,82400,3,NA,18,2122,0,1,1,1,0,1,0,0
Young,Female,Rent,Single,Close,13200,1,Low,12,227,1,0,1,0,1,0,0,0
Middle,Male,Rent,Single,Close,57800,0,Medium,24,1149,0,0,1,0,0,1,1,0
Old,Female,Own,Married,Close,52200,1,Medium,12,669,1,1,1,1,0,0,1,0
Middle,Male,Rent,Married,Far,64600,2,NA,24,2935,0,1,0,0,0,1,0,0
Middle,Female,Own,Single,Close,43100,0,NA,24,1444,1,0,1,1,0,1,0,0
Old,Female,Own,Married,Far,40100,0,Medium,12,1384,1,1,0,1,0,0,1,0
Old,Male,Own,Married,Close,84500,0,NA,12,1557,0,1,1,1,0,0,0,0
Old,Male,Rent,Married,Close,34500,0,Medium,12,802,0,1,1,0,0,0,1,0
Young,Female,Rent,Married,Close,61000,1,NA,18,1611,1,1,1,0,1,0,0,0
Old,Female,Own,Married,Far,79300,0,NA,12,2047,1,1,0,1,0,0,0,0
Middle,Male,Rent,Single,Close,44500,0,Medium,24,1175,0,0,1,0,0,1,1,0
Young,Male,Rent,Married,Close,39700,0,Medium,18,1011,0,1,1,0,1,0,1,0
Old,Female,Own,Single,Close,30300,0,Low,18,1062,1,0,1,1,0,0,0,0
Young,Female,Rent,Single,Close,20100,1,Low,12,271,1,0,1,0,1,0,0,0
Old,Male,Own,Married,Far,86500,0,High,24,2690,0,1,0,1,0,0,0,1
Old,Female,Rent,Single,Close,42500,0,Medium,24,918,1,0,1,0,0,0,1,0
Middle,Male,Own,Married,Close,102300,0,High,24,2438,0,1,1,1,0,1,0,1
Middle,Female,Own,Single,Far,52600,2,Medium,12,1307,1,0,0,1,0,1,1,0
Middle,Female,Rent,Single,Far,37800,2,NA,12,1185,1,0,0,0,0,1,0,0
Young,Female,Rent,Single,Close,20300,2,Low,12,180,1,0,1,0,1,0,0,0
Middle,Male,Own,Married,Close,71600,1,NA,12,1198,0,1,1,1,0,1,0,0
Young,Male,Rent,Married,Close,54500,1,Medium,18,1001,0,1,1,0,1,0,1,0
Middle,Male,Rent,Single,Close,54700,0,Medium,24,1355,0,0,1,0,0,1,1,0
Middle,Male,Rent,Single,Far,58600,2,NA,6,989,0,0,0,0,0,1,0,0
Middle,Male,Rent,Single,Far,53800,0,High,12,1803,0,0,0,0,0,1,0,1
Middle,Female,Own,Married,Close,131500,3,NA,6,2840,1,1,1,1,0,1,0,0
Middle,Male,Rent,Single,Far,52200,0,High,24,1909,0,0,0,0,0,1,0,1
Young,Male,Rent,Married,Close,37200,1,Low,6,247,0,1,1,0,1,0,0,0
Young,Male,Rent,Single,Far,22900,1,NA,12,814,0,0,0,0,1,0,0,0
Young,Male,Rent,Married,Close,55500,3,Low,12,216,0,1,1,0,1,0,0,0
Young,Female,Rent,Single,Far,12800,1,NA,24,365,1,0,0,0,1,0,0,0
Young,Female,Rent,Single,Close,17600,2,Low,18,163,1,0,1,0,1,0,0,0
Old,Female,Own,Single,Far,28300,0,Medium,24,933,1,0,0,1,0,0,1,0
Old,Male,Own,Single,Close,41900,0,Medium,6,654,0,0,1,1,0,0,1,0
Young,Female,Rent,Single,Close,14100,3,NA,6,153,1,0,1,0,1,0,0,0
Middle,Male,Rent,Single,Close,52100,0,NA,12,1668,0,0,1,0,0,1,0,0
Middle,Male,Rent,Single,Far,38700,1,Medium,18,1009,0,0,0,0,0,1,1,0
Middle,Female,Rent,Single,Far,44100,1,Medium,18,1659,1,0,0,0,0,1,1,0
Middle,Male,Own,Married,Far,79200,1,High,6,1905,0,1,0,1,0,1,0,1
Young,Female,Rent,Single,Close,22600,3,NA,6,521,1,0,1,0,1,0,0,0
Middle,Male,Rent,Single,Close,55100,2,NA,6,826,0,0,1,0,0,1,0,0
Old,Female,Own,Married,Far,70400,0,High,18,2610,1,1,0,1,0,0,0,1
Middle,Male,Own,Married,Close,107300,2,Medium,24,1194,0,1,1,1,0,1,1,0
Middle,Female,Rent,Married,Close,66500,1,NA,24,1181,1,1,1,0,0,1,0,0
Young,Male,Rent,Single,Close,10200,0,NA,24,362,0,0,1,0,1,0,0,0
Young,Female,Own,Single,Far,41000,1,Medium,12,768,1,0,0,1,1,0,1,0
Middle,Female,Rent,Single,Close,26200,1,Low,12,381,1,0,1,0,0,1,0,0
Middle,Male,Rent,Married,Far,72200,3,Medium,18,1811,0,1,0,0,0,1,1,0
Middle,Male,Rent,Single,Far,36700,1,Medium,24,1218,0,0,0,0,0,1,1,0
Old,Male,Own,Married,Far,74500,0,NA,18,1413,0,1,0,1,0,0,0,0
Middle,Female,Own,Single,Close,60200,1,NA,12,1748,1,0,1,1,0,1,0,0
Old,Male,Rent,Single,Close,34500,0,Medium,24,639,0,0,1,0,0,0,1,0
Old,Female,Own,Married,Close,83700,0,High,18,1582,1,1,1,1,0,0,0,1
Young,Male,Rent,Single,Far,14800,1,NA,12,376,0,0,0,0,1,0,0,0
Middle,Male,Own,Married,Close,106400,0,NA,12,1757,0,1,1,1,0,1,0,0
Young,Female,Rent,Married,Close,42000,3,Low,6,105,1,1,1,0,1,0,0,0
Middle,Male,Rent,Married,Close,118800,0,High,12,2631,0,1,1,0,0,1,0,1
Young,Female,Own,Single,Far,21900,2,Low,24,486,1,0,0,1,1,0,0,0
Middle,Male,Rent,Single,Close,39500,1,NA,6,412,0,0,1,0,0,1,0,0
Middle,Male,Rent,Single,Close,45900,0,Medium,12,716,0,0,1,0,0,1,1,0
Young,Female,Rent,Married,Close,37100,2,Low,24,653,1,1,1,0,1,0,0,0
Middle,Female,Rent,Single,Close,28200,1,Low,6,224,1,0,1,0,0,1,0,0
Middle,Male,Rent,Married,Close,74600,2,Medium,18,705,0,1,1,0,0,1,1,0
Middle,Male,Own,Married,Close,122700,1,NA,18,4984,0,1,1,1,0,1,0,0
Young,Female,Rent,Single,Close,14200,2,Low,18,197,1,0,1,0,1,0,0,0
Middle,Male,Own,Married,Far,75500,0,NA,18,2450,0,1,0,1,0,1,0,0
Middle,Male,Own,Single,Close,62900,0,NA,24,2561,0,0,1,1,0,1,0,0
Young,Male,Rent,Single,Far,19400,0,Low,6,563,0,0,0,0,1,0,0,0
Middle,Female,Rent,Single,Close,46600,0,NA,12,546,1,0,1,0,0,1,0,0
Middle,Male,Own,Married,Far,79700,1,High,24,3384,0,1,0,1,0,1,0,1
Middle,Male,Own,Single,Close,45900,2,Low,12,416,0,0,1,1,0,1,0,0
Old,Female,Own,Married,Close,42800,0,Medium,6,685,1,1,1,1,0,0,1,0
Old,Male,Own,Married,Far,65500,0,High,24,1931,0,1,0,1,0,0,0,1
Old,Female,Rent,Single,Close,33600,0,Medium,12,573,1,0,1,0,0,0,1,0
Middle,Female,Own,Single,Far,55600,1,High,18,1553,1,0,0,1,0,1,0,1
Young,Female,Rent,Single,Close,24000,2,NA,6,362,1,0,1,0,1,0,0,0
Young,Male,Rent,Single,Far,25700,0,Medium,18,907,0,0,0,0,1,0,1,0
Old,Female,Own,Married,Close,21500,0,Low,18,445,1,1,1,1,0,0,0,0
Old,Female,Rent,Married,Close,68600,0,High,18,1342,1,1,1,0,0,0,0,1
Young,Female,Rent,Single,Far,23100,2,Low,12,457,1,0,0,0,1,0,0,0
Middle,Female,Rent,Married,Close,53300,0,Medium,24,1598,1,1,1,0,0,1,1,0
Old,Female,Own,Married,Close,112800,0,High,12,1861,1,1,1,1,0,0,0,1
Old,Male,Own,Married,Close,124900,0,High,18,4109,0,1,1,1,0,0,0,1
Middle,Female,Own,Single,Close,72200,0,NA,18,3278,1,0,1,1,0,1,0,0
Middle,Male,Rent,Single,Close,35100,1,Low,6,421,0,0,1,0,0,1,0,0
Old,Female,Rent,Single,Close,14900,0,NA,12,275,1,0,1,0,0,0,0,0
Middle,Male,Rent,Single,Close,72000,0,High,12,1475,0,0,1,0,0,1,0,1
Middle,Male,Own,Married,Close,82400,0,High,18,1779,0,1,1,1,0,1,0,1
Young,Male,Rent,Married,Close,41600,3,NA,24,1634,0,1,1,0,1,0,0,0
Middle,Female,Own,Married,Close,68500,2,NA,12,1500,1,1,1,1,0,1,0,0
Young,Male,Own,Married,Close,62200,0,High,24,1348,0,1,1,1,1,0,0,1
Old,Female,Own,Single,Close,35900,0,NA,12,962,1,0,1,1,0,0,0,0
Young,Male,Rent,Single,Close,14100,0,Low,12,328,0,0,1,0,1,0,0,0
Young,Female,Rent,Married,Close,36500,1,NA,18,747,1,1,1,0,1,0,0,0
Middle,Female,Own,Married,Close,86400,1,High,12,1713,1,1,1,1,0,1,0,1
Old,Female,Rent,Married,Close,39500,0,Medium,12,1006,1,1,1,0,0,0,1,0
Old,Male,Own,Married,Close,85300,0,NA,12,2523,0,1,1,1,0,0,0,0
Old,Female,Own,Married,Close,110700,0,High,12,2458,1,1,1,1,0,0,0,1
Young,Male,Rent,Single,Far,17700,0,Low,18,742,0,0,0,0,1,0,0,0
Young,Female,Rent,Married,Far,33200,1,NA,24,1639,1,1,0,0,1,0,0,0
Middle,Female,Own,Single,Close,53800,0,Medium,12,843,1,0,1,1,0,1,1,0
Old,Male,Rent,Single,Close,44400,0,Medium,18,886,0,0,1,0,0,0,1,0
Middle,Female,Rent,Married,Close,135700,1,High,24,2746,1,1,1,0,0,1,0,1
Young,Female,Rent,Single,Far,20700,1,Low,12,550,1,0,0,0,1,0,0,0
Middle,Male,Rent,Married,Far,83500,2,High,24,2098,0,1,0,0,0,1,0,1
Middle,Female,Rent,Married,Close,84200,2,Medium,24,954,1,1,1,0,0,1,1,0
Middle,Female,Rent,Married,Close,79900,1,Medium,12,1041,1,1,1,0,0,1,1,0
Old,Female,Rent,Single,Far,19700,0,Low,6,535,1,0,0,0,0,0,0,0
Middle,Female,Rent,Single,Close,35300,0,NA,18,1369,1,0,1,0,0,1,0,0
Old,Male,Own,Married,Far,52000,0,High,18,2545,0,1,0,1,0,0,0,1
Young,Male,Rent,Single,Close,21300,1,NA,12,329,0,0,1,0,1,0,0,0
Middle,Male,Own,Single,Close,63700,0,NA,6,1351,0,0,1,1,0,1,0,0
Old,Female,Own,Married,Close,25900,0,Low,18,582,1,1,1,1,0,0,0,0
Middle,Male,Rent,Married,Close,65800,2,Medium,18,578,0,1,1,0,0,1,1,0
Old,Female,Rent,Single,Close,11000,0,NA,24,195,1,0,1,0,0,0,0,0
Old,Female,Rent,Married,Close,65900,0,High,12,777,1,1,1,0,0,0,0,1
Middle,Female,Own,Married,Close,108100,1,High,12,1133,1,1,1,1,0,1,0,1
Middle,Male,Own,Married,Close,107300,2,Medium,18,1566,0,1,1,1,0,1,1,0
Middle,Female,Rent,Married,Close,79500,0,High,12,1651,1,1,1,0,0,1,0,1
Middle,Female,Rent,Married,Close,95900,0,NA,24,3168,1,1,1,0,0,1,0,0
Middle,Male,Rent,Single,Close,45200,1,Medium,18,699,0,0,1,0,0,1,1,0
Middle,Male,Own,Married,Close,98500,0,High,18,2034,0,1,1,1,0,1,0,1
Old,Female,Own,Married,Close,96200,0,High,12,1457,1,1,1,1,0,0,0,1
Young,Male,Rent,Single,Close,17900,0,NA,18,395,0,0,1,0,1,0,0,0
Middle,Male,Own,Married,Close,42700,0,Medium,6,541,0,1,1,1,0,1,1,0
Middle,Male,Own,Single,Far,49700,0,High,24,2844,0,0,0,1,0,1,0,1
Middle,Female,Rent,Single,Close,43000,3,Low,24,225,1,0,1,0,0,1,0,0
Young,Female,Rent,Single,Close,15500,1,Low,6,210,1,0,1,0,1,0,0,0
Young,Male,Rent,Single,Close,13000,3,Low,6,43,0,0,1,0,1,0,0,0
Middle,Female,Rent,Single,Close,27200,3,Low,24,243,1,0,1,0,0,1,0,0
Old,Female,Own,Married,Close,26700,0,Low,24,1120,1,1,1,1,0,0,0,0
Old,Male,Own,Single,Far,61000,0,High,6,975,0,0,0,1,0,0,0,1
Middle,Female,Own,Married,Close,76600,3,NA,24,2904,1,1,1,1,0,1,0,0
Middle,Male,Own,Married,Close,117500,2,Medium,12,927,0,1,1,1,0,1,1,0
Old,Male,Own,Married,Close,90600,0,High,24,3167,0,1,1,1,0,0,0,1
Young,Female,Rent,Single,Far,12600,0,Low,6,241,1,0,0,0,1,0,0,0
Old,Female,Own,Single,Close,12700,2,Low,6,65,1,0,1,1,0,0,0,0
Middle,Female,Own,Married,Far,77600,3,Medium,12,858,1,1,0,1,0,1,1,0
Middle,Female,Rent,Married,Far,92400,1,NA,6,2191,1,1,0,0,0,1,0,0
Old,Female,Rent,Married,Close,71800,0,High,24,1946,1,1,1,0,0,0,0,1
Middle,Male,Own,Married,Far,95800,3,NA,12,2581,0,1,0,1,0,1,0,0
Young,Female,Own,Single,Close,32600,3,Low,12,172,1,0,1,1,1,0,0,0
Middle,Male,Own,Married,Close,74500,2,Medium,12,824,0,1,1,1,0,1,1,0
Old,Female,Rent,Single,Close,29200,0,Low,12,556,1,0,1,0,0,0,0,0
Young,Female,Rent,Single,Far,12900,1,Low,6,167,1,0,0,0,1,0,0,0
Middle,Male,Rent,Married,Close,117700,1,High,12,2104,0,1,1,0,0,1,0,1
Middle,Female,Own,Married,Close,64100,1,Medium,18,1332,1,1,1,1,0,1,1,0
Middle,Female,Rent,Single,Close,46500,1,Medium,24,829,1,0,1,0,0,1,1,0
Young,Female,Rent,Single,Close,12400,1,NA,12,229,1,0,1,0,1,0,0,0
Middle,Male,Own,Married,Far,130600,0,High,18,3442,0,1,0,1,0,1,0,1
Middle,Male,Own,Married,Far,74400,0,High,6,1893,0,1,0,1,0,1,0,1
Old,Female,Own,Single,Far,40600,2,Medium,6,690,1,0,0,1,0,0,1,0
Young,Female,Rent,Married,Close,54200,1,Medium,6,486,1,1,1,0,1,0,1,0
Middle,Male,Own,Single,Far,65400,1,High,12,2290,0,0,0,1,0,1,0,1
Middle,Male,Rent,Single,Close,49100,0,NA,6,934,0,0,1,0,0,1,0,0
Young,Female,Rent,Single,Close,10600,2,NA,24,517,1,0,1,0,1,0,0,0
Young,Female,Rent,Married,Close,76400,0,NA,12,2216,1,1,1,0,1,0,0,0
Middle,Female,Rent,Married,Close,93700,1,High,24,1521,1,1,1,0,0,1,0,1
Middle,Male,Rent,Single,Far,49000,0,High,18,1523,0,0,0,0,0,1,0,1
Middle,Female,Own,Married,Close,96500,1,High,18,1364,1,1,1,1,0,1,0,1
Middle,Male,Own,Single,Close,55600,0,NA,12,952,0,0,1,1,0,1,0,0
Middle,Male,Own,Married,Close,99600,1,High,6,871,0,1,1,1,0,1,0,1
Middle,Female,Own,Married,Close,79900,3,Low,12,295,1,1,1,1,0,1,0,0
Old,Female,Rent,Married,Close,50500,0,Medium,12,642,1,1,1,0,0,0,1,0
Old,Female,Own,Single,Far,16300,0,Low,6,317,1,0,0,1,0,0,0,0
Old,Female,Own,Married,Close,49200,0,Medium,12,1078,1,1,1,1,0,0,1,0
Middle,Male,Own,Single,Far,48100,2,Medium,18,961,0,0,0,1,0,1,1,0
Middle,Male,Own,Single,Far,61300,2,High,24,1241,0,0,0,1,0,1,0,1
Middle,Female,Own,Married,Close,72600,1,NA,18,1999,1,1,1,1,0,1,0,0
Young,Male,Rent,Single,Far,19500,0,NA,24,571,0,0,0,0,1,0,0,0
Young,Female,Rent,Single,Close,17200,1,NA,12,329,1,0,1,0,1,0,0,0
Middle,Male,Rent,Single,Far,51100,0,High,24,1984,0,0,0,0,0,1,0,1
Middle,Male,Own,Single,Close,76800,1,Medium,18,1061,0,0,1,1,0,1,1,0
Middle,Male,Own,Single,Far,60200,0,High,12,1955,0,0,0,1,0,1,0,1
Middle,Male,Rent,Single,Close,59100,2,Low,18,580,0,0,1,0,0,1,0,0
Old,Female,Own,Single,Close,32500,0,Medium,24,883,1,0,1,1,0,0,1,0
Middle,Female,Rent,Single,Far,49500,2,Medium,12,1195,1,0,0,0,0,1,1,0
Middle,Male,Own,Married,Close,109600,1,High,12,2318,0,1,1,1,0,1,0,1
Young,Female,Rent,Married,Close,47300,0,NA,6,640,1,1,1,0,1,0,0,0
Middle,Male,Rent,Married,Close,93000,1,High,24,2644,0,1,1,0,0,1,0,1
Young,Female,Own,Single,Far,32000,1,NA,24,1320,1,0,0,1,1,0,0,0
Young,Female,Own,Single,Close,44700,1,Medium,6,502,1,0,1,1,1,0,1,0
Old,Female,Own,Married,Close,69400,0,High,18,2419,1,1,1,1,0,0,0,1
Middle,Male,Own,Married,Close,64300,2,Medium,6,661,0,1,1,1,0,1,1,0
Middle,Male,Own,Single,Far,75400,0,High,24,2723,0,0,0,1,0,1,0,1
Middle,Male,Own,Married,Close,96100,0,High,6,1588,0,1,1,1,0,1,0,1
Old,Female,Own,Married,Close,118000,3,Low,12,581,1,1,1,1,0,0,0,0
Young,Male,Rent,Married,Close,69700,1,Medium,12,1432,0,1,1,0,1,0,1,0
Old,Male,Own,Single,Close,59300,0,Medium,12,929,0,0,1,1,0,0,1,0
Middle,Female,Rent,Married,Close,88600,3,Low,6,212,1,1,1,0,0,1,0,0
Middle,Male,Own,Married,Close,102600,0,High,18,2546,0,1,1,1,0,1,0,1
Middle,Male,Rent,Single,Close,43700,0,NA,18,1344,0,0,1,0,0,1,0,0
Old,Female,Own,Married,Close,22400,0,NA,24,947,1,1,1,1,0,0,0,0
Middle,Male,Rent,Married,Far,70500,1,NA,24,2145,0,1,0,0,0,1,0,0
Middle,Male,Own,Married,Close,54200,1,Medium,6,757,0,1,1,1,0,1,1,0
Middle,Female,Own,Single,Far,25300,1,NA,6,451,1,0,0,1,0,1,0,0
Old,Male,Own,Married,Close,116100,1,High,24,2975,0,1,1,1,0,0,0,1
Young,Female,Rent,Single,Close,15900,0,NA,18,406,1,0,1,0,1,0,0,0
Middle,Female,Own,Single,Close,46600,3,Low,6,158,1,0,1,1,0,1,0,0
Young,Male,Own,Single,Close,23200,0,NA,24,534,0,0,1,1,1,0,0,0
Young,Male,Rent,Single,Close,18200,0,Low,12,401,0,0,1,0,1,0,0,0
Middle,Female,Own,Married,Close,82700,1,High,18,1753,1,1,1,1,0,1,0,1
Young,Female,Rent,Single,Close,17000,0,Low,18,659,1,0,1,0,1,0,0,0
Middle,Male,Own,Married,Close,83000,2,Medium,6,726,0,1,1,1,0,1,1,0
Young,Female,Own,Married,Close,42400,1,NA,18,1166,1,1,1,1,1,0,0,0
Old,Male,Own,Single,Close,40200,2,NA,18,1197,0,0,1,1,0,0,0,0
Young,Female,Rent,Single,Far,17300,0,Low,6,411,1,0,0,0,1,0,0,0
Middle,Female,Own,Married,Close,109800,1,High,24,2258,1,1,1,1,0,1,0,1
Middle,Female,Own,Single,Far,64400,3,Medium,24,1913,1,0,0,1,0,1,1,0
Young,Female,Rent,Single,Far,27600,1,Medium,24,893,1,0,0,0,1,0,1,0
Young,Female,Rent,Single,Close,25100,1,NA,6,421,1,0,1,0,1,0,0,0
Middle,Female,Own,Single,Close,46300,3,NA,6,1138,1,0,1,1,0,1,0,0
Old,Female,Own,Married,Far,74900,0,NA,12,1804,1,1,0,1,0,0,0,0
Middle,Male,Own,Single,Close,67900,0,High,18,1418,0,0,1,1,0,1,0,1
Middle,Male,Rent,Married,Close,88500,2,Medium,24,1104,0,1,1,0,0,1,1,0
Middle,Male,Own,Married,Close,99200,3,NA,12,2796,0,1,1,1,0,1,0,0
Old,Female,Own,Married,Close,62800,0,High,18,1403,1,1,1,1,0,0,0,1
Old,Male,Own,Married,Far,76900,2,High,24,3230,0,1,0,1,0,0,0,1
Middle,Male,Own,Married,Close,84100,3,NA,6,1352,0,1,1,1,0,1,0,0
Old,Female,Own,Married,Close,77600,0,High,18,2004,1,1,1,1,0,0,0,1
Young,Female,Rent,Single,Close,19100,1,Low,18,403,1,0,1,0,1,0,0,0
Old,Female,Own,Married,Far,128700,0,High,24,3995,1,1,0,1,0,0,0,1
Young,Female,Rent,Single,Far,14400,1,Low,6,390,1,0,0,0,1,0,0,0
Old,Male,Rent,Married,Close,49600,0,Medium,6,770,0,1,1,0,0,0,1,0
Middle,Female,Rent,Single,Close,47000,0,NA,6,963,1,0,1,0,0,1,0,0
Young,Female,Rent,Married,Close,36600,0,Medium,6,833,1,1,1,0,1,0,1,0
Middle,Female,Own,Single,Close,65800,1,Medium,12,869,1,0,1,1,0,1,1,0
Middle,Male,Rent,Married,Far,52800,2,Medium,12,926,0,1,0,0,0,1,1,0
Middle,Male,Own,Married,Close,96500,0,High,24,3780,0,1,1,1,0,1,0,1
Middle,Female,Rent,Married,Close,63500,1,Medium,18,1023,1,1,1,0,0,1,1,0
Middle,Male,Rent,Single,Close,60400,1,Medium,6,791,0,0,1,0,0,1,1,0
Middle,Male,Own,Married,Close,102700,3,NA,12,1473,0,1,1,1,0,1,0,0
Middle,Male,Own,Married,Close,100100,2,NA,6,1597,0,1,1,1,0,1,0,0
Middle,Male,Rent,Single,Close,54400,0,Medium,6,1150,0,0,1,0,0,1,1,0
Middle,Male,Rent,Married,Close,105600,3,Low,6,304,0,1,1,0,0,1,0,0
Old,Female,Own,Married,Far,57900,0,High,12,1693,1,1,0,1,0,0,0,1
Young,Male,Own,Single,Close,31500,3,Low,18,269,0,0,1,1,1,0,0,0
Middle,Female,Rent,Married,Far,60100,1,High,18,1430,1,1,0,0,0,1,0,1
Middle,Male,Rent,Married,Close,87400,2,NA,18,2729,0,1,1,0,0,1,0,0
Middle,Male,Own,Married,Close,117900,0,High,6,1760,0,1,1,1,0,1,0,1
Middle,Male,Own,Single,Close,48800,1,Medium,24,1271,0,0,1,1,0,1,1,0
Middle,Female,Own,Married,Close,67900,3,Low,12,356,1,1,1,1,0,1,0,0
Old,Male,Rent,Married,Far,66200,0,NA,6,1024,0,1,0,0,0,0,0,0
Middle,Male,Rent,Married,Close,88000,2,Medium,6,524,0,1,1,0,0,1,1,0
Middle,Male,Rent,Married,Close,94200,1,High,18,1211,0,1,1,0,0,1,0,1
Young,Female,Rent,Single,Close,29200,3,NA,6,636,1,0,1,0,1,0,0,0
Young,Male,Rent,Single,Far,15300,0,Low,24,645,0,0,0,0,1,0,0,0
Young,Male,Rent,Single,Far,17500,0,Low,18,472,0,0,0,0,1,0,0,0
Old,Male,Own,Married,Close,168800,0,High,6,1512,0,1,1,1,0,0,0,1
Middle,Male,Rent,Single,Far,40200,0,High,18,1634,0,0,0,0,0,1,0,1
Young,Male,Rent,Single,Close,28400,3,Low,18,182,0,0,1,0,1,0,0,0
Middle,Male,Rent,Married,Far,72200,3,Medium,18,1042,0,1,0,0,0,1,1,0
Middle,Female,Own,Single,Far,55200,0,High,18,1714,1,0,0,1,0,1,0,1
Middle,Female,Rent,Single,Close,44600,0,Medium,18,966,1,0,1,0,0,1,1,0
Middle,Male,Own,Single,Close,58400,0,Medium,12,829,0,0,1,1,0,1,1,0
Middle,Female,Own,Single,Close,67800,1,Medium,6,680,1,0,1,1,0,1,1,0
Old,Female,Own,Single,Close,25500,0,Low,18,636,1,0,1,1,0,0,0,0
Young,Female,Rent,Single,Far,20000,3,Low,6,182,1,0,0,0,1,0,0,0
Middle,Male,Rent,Single,Far,52600,1,NA,18,1773,0,0,0,0,0,1,0,0
Middle,Male,Rent,Married,Far,97600,1,NA,12,2902,0,1,0,0,0,1,0,0
Old,Male,Own,Married,Close,23400,0,Low,6,348,0,1,1,1,0,0,0,0
Middle,Female,Own,Married,Close,102500,3,Low,12,548,1,1,1,1,0,1,0,0
Middle,Female,Own,Married,Far,52300,1,High,18,2034,1,1,0,1,0,1,0,1
Middle,Male,Rent,Single,Far,65400,0,High,12,2296,0,0,0,0,0,1,0,1
Young,Male,Rent,Single,Close,19600,0,Low,12,395,0,0,1,0,1,0,0,0
Old,Male,Own,Married,Far,37000,0,Medium,12,850,0,1,0,1,0,0,1,0
Young,Female,Rent,Single,Far,13200,0,NA,18,512,1,0,0,0,1,0,0,0
Middle,Male,Rent,Single,Close,63800,1,Medium,24,1622,0,0,1,0,0,1,1,0
Old,Female,Rent,Single,Far,22600,0,NA,12,865,1,0,0,0,0,0,0,0
Old,Female,Own,Single,Close,37300,0,Medium,6,673,1,0,1,1,0,0,1,0
Young,Male,Rent,Single,Far,14900,1,NA,12,422,0,0,0,0,1,0,0,0
Middle,Female,Own,Single,Close,36700,1,NA,6,529,1,0,1,1,0,1,0,0
Middle,Male,Own,Single,Close,63200,0,High,24,1932,0,0,1,1,0,1,0,1
Old,Male,Own,Married,Close,77300,0,High,18,1853,0,1,1,1,0,0,0,1
Middle,Male,Rent,Single,Close,43100,1,NA,12,1224,0,0,1,0,0,1,0,0
Middle,Female,Rent,Single,Far,44800,1,Medium,6,666,1,0,0,0,0,1,1,0
Old,Female,Rent,Married,Close,70900,0,High,24,1685,1,1,1,0,0,0,0,1
Middle,Female,Rent,Single,Far,38200,0,Medium,24,1476,1,0,0,0,0,1,1,0
Young,Female,Rent,Single,Far,18400,1,Low,6,319,1,0,0,0,1,0,0,0
Middle,Female,Rent,Single,Close,40700,3,Low,18,232,1,0,1,0,0,1,0,0
Old,Male,Own,Single,Close,71300,0,High,18,1543,0,0,1,1,0,0,0,1
Middle,Female,Rent,Single,Close,36400,2,Low,18,506,1,0,1,0,0,1,0,0
Young,Male,Rent,Single,Close,15400,0,Low,6,172,0,0,1,0,1,0,0,0
Middle,Male,Own,Single,Far,39100,1,Medium,12,1001,0,0,0,1,0,1,1,0
Middle,Male,Rent,Single,Close,43800,0,Medium,12,606,0,0,1,0,0,1,1,0
Young,Male,Rent,Single,Far,25300,0,Medium,12,591,0,0,0,0,1,0,1,0
Old,Male,Rent,Married,Close,71800,0,High,12,1389,0,1,1,0,0,0,0,1
Middle,Male,Own,Single,Close,73200,0,High,24,2177,0,0,1,1,0,1,0,1
Middle,Male,Own,Married,Far,79000,1,High,18,2279,0,1,0,1,0,1,0,1
Middle,Female,Rent,Married,Close,75200,1,NA,24,2702,1,1,1,0,0,1,0,0
Young,Female,Rent,Single,Close,25300,3,NA,6,510,1,0,1,0,1,0,0,0
Old,Female,Own,Married,Close,43600,0,Medium,12,1047,1,1,1,1,0,0,1,0
Middle,Male,Own,Married,Close,83600,2,Medium,6,538,0,1,1,1,0,1,1,0
Middle,Female,Own,Single,Far,56200,0,High,18,1546,1,0,0,1,0,1,0,1
Young,Male,Rent,Married,Close,45500,0,Medium,6,754,0,1,1,0,1,0,1,0
Middle,Male,Own,Married,Close,99300,1,High,12,1504,0,1,1,1,0,1,0,1
Middle,Male,Own,Married,Far,108000,3,High,24,1849,0,1,0,1,0,1,0,1
Middle,Female,Own,Married,Far,84900,1,High,24,3072,1,1,0,1,0,1,0,1
Middle,Male,Own,Married,Far,93000,3,High,6,1046,0,1,0,1,0,1,0,1
Middle,Female,Own,Married,Close,82000,0,High,18,1800,1,1,1,1,0,1,0,1
Old,Female,Own,Single,Close,33000,3,NA,6,700,1,0,1,1,0,0,0,0
Middle,Female,Own,Single,Close,36900,2,Low,24,514,1,0,1,1,0,1,0,0
Middle,Female,Rent,Single,Close,33200,1,NA,6,320,1,0,1,0,0,1,0,0
Young,Male,Rent,Married,Close,49300,0,NA,24,1692,0,1,1,0,1,0,0,0
Old,Male,Rent,Married,Far,66200,0,High,24,2057,0,1,0,0,0,0,0,1
Middle,Male,Own,Married,Far,96800,2,High,18,2299,0,1,0,1,0,1,0,1
Old,Male,Own,Single,Close,63200,0,High,24,1507,0,0,1,1,0,0,0,1
Old,Male,Own,Married,Far,112900,0,High,24,6217,0,1,0,1,0,0,0,1
Middle,Female,Rent,Single,Close,32100,2,Low,24,405,1,0,1,0,0,1,0,0
Middle,Male,Own,Married,Far,102700,1,High,18,3785,0,1,0,1,0,1,0,1
Middle,Male,Own,Married,Close,123800,2,NA,18,3537,0,1,1,1,0,1,0,0
Old,Female,Rent,Single,Far,11700,0,Low,18,540,1,0,0,0,0,0,0,0
Middle,Male,Own,Married,Close,101700,1,NA,6,941,0,1,1,1,0,1,0,0
Middle,Female,Own,Married,Far,99200,0,High,24,5503,1,1,0,1,0,1,0,1
Young,Male,Rent,Single,Close,17600,0,NA,6,273,0,0,1,0,1,0,0,0
Young,Female,Rent,Single,Close,19400,1,NA,18,384,1,0,1,0,1,0,0,0
Middle,Male,Rent,Single,Far,40500,1,NA,18,1073,0,0,0,0,0,1,0,0
Old,Male,Own,Single,Close,44800,0,Medium,24,1417,0,0,1,1,0,0,1,0
Middle,Male,Own,Married,Close,79000,2,Medium,18,671,0,1,1,1,0,1,1,0
Young,Male,Rent,Married,Close,53600,1,Medium,24,973,0,1,1,0,1,0,1,0
